<?xml version="1.0" encoding="UTF-8"?>
<section name="Workbench">
	<item key="org.eclipse.jdt.ui.last.selected.jre.kind2" value="2"/>
	<item key="org.eclipse.jdt.ui.last.selected.execution.enviroment" value="JavaSE-17"/>
	<item key="filters_last_used" value="filter_imports;"/>
	<item key="TypeHierarchyViewPart.hierarchyview" value="2"/>
	<item key="TypeHierarchyViewPart.qualifiednames" value="false"/>
	<item key="TypeHierarchyViewPart.linkeditors" value="false"/>
	<item key="TypeHierarchyViewPart.orientation" value="3"/>
	<item key="org.eclipse.jdt.ui.last.selected.create.moduleinfo" value="false"/>
	<section name="org.eclipse.jdt.internal.ui.packageview.PackageExplorerPart">
		<item key="group_libraries" value="true"/>
		<item key="layout" value="1"/>
		<item key="rootMode" value="1"/>
		<item key="linkWithEditor" value="false"/>
		<item key="memento" value="&lt;?xml version=&quot;1.0&quot; encoding=&quot;UTF-8&quot;?&gt;&#x0D;&#x0A;&lt;packageExplorer group_libraries=&quot;1&quot; layout=&quot;1&quot; linkWithEditor=&quot;0&quot; rootMode=&quot;1&quot; workingSetName=&quot;Aggregate for window 1713139543730&quot;&gt;&#x0D;&#x0A;&lt;customFilters userDefinedPatternsEnabled=&quot;false&quot;&gt;&#x0D;&#x0A;&lt;xmlDefinedFilters&gt;&#x0D;&#x0A;&lt;child filterId=&quot;org.eclipse.jdt.ui.PackageExplorer.StaticsFilter&quot; isEnabled=&quot;false&quot;/&gt;&#x0D;&#x0A;&lt;child filterId=&quot;org.eclipse.buildship.ui.packageexplorer.filter.gradle.buildfolder&quot; isEnabled=&quot;true&quot;/&gt;&#x0D;&#x0A;&lt;child filterId=&quot;org.eclipse.jdt.ui.PackageExplorer.NonSharedProjectsFilter&quot; isEnabled=&quot;false&quot;/&gt;&#x0D;&#x0A;&lt;child filterId=&quot;org.eclipse.jdt.internal.ui.PackageExplorer.EmptyInnerPackageFilter&quot; isEnabled=&quot;true&quot;/&gt;&#x0D;&#x0A;&lt;child filterId=&quot;org.eclipse.m2e.MavenModuleFilter&quot; isEnabled=&quot;false&quot;/&gt;&#x0D;&#x0A;&lt;child filterId=&quot;org.eclipse.buildship.ui.packageexplorer.filter.gradle.subProject&quot; isEnabled=&quot;true&quot;/&gt;&#x0D;&#x0A;&lt;child filterId=&quot;org.eclipse.jdt.ui.PackageExplorer.ClosedProjectsFilter&quot; isEnabled=&quot;false&quot;/&gt;&#x0D;&#x0A;&lt;child filterId=&quot;org.eclipse.jdt.ui.PackageExplorer.EmptyLibraryContainerFilter&quot; isEnabled=&quot;true&quot;/&gt;&#x0D;&#x0A;&lt;child filterId=&quot;org.eclipse.jdt.ui.PackageExplorer.PackageDeclarationFilter&quot; isEnabled=&quot;true&quot;/&gt;&#x0D;&#x0A;&lt;child filterId=&quot;org.eclipse.pde.ui.BinaryProjectFilter1&quot; isEnabled=&quot;false&quot;/&gt;&#x0D;&#x0A;&lt;child filterId=&quot;org.eclipse.jdt.ui.PackageExplorer.LocalTypesFilter&quot; isEnabled=&quot;false&quot;/&gt;&#x0D;&#x0A;&lt;child filterId=&quot;org.eclipse.pde.ui.ExternalPluginLibrariesFilter1&quot; isEnabled=&quot;true&quot;/&gt;&#x0D;&#x0A;&lt;child filterId=&quot;org.eclipse.jdt.ui.PackageExplorer.FieldsFilter&quot; isEnabled=&quot;false&quot;/&gt;&#x0D;&#x0A;&lt;child filterId=&quot;org.eclipse.jdt.ui.PackageExplorer.NonJavaProjectsFilter&quot; isEnabled=&quot;false&quot;/&gt;&#x0D;&#x0A;&lt;child filterId=&quot;org.eclipse.jdt.ui.PackageExplorer_patternFilterId_.*&quot; isEnabled=&quot;true&quot;/&gt;&#x0D;&#x0A;&lt;child filterId=&quot;org.eclipse.jdt.ui.PackageExplorer.SyntheticMembersFilter&quot; isEnabled=&quot;true&quot;/&gt;&#x0D;&#x0A;&lt;child filterId=&quot;org.eclipse.jdt.ui.PackageExplorer.ContainedLibraryFilter&quot; isEnabled=&quot;false&quot;/&gt;&#x0D;&#x0A;&lt;child filterId=&quot;org.eclipse.jdt.internal.ui.PackageExplorer.HideInnerClassFilesFilter&quot; isEnabled=&quot;true&quot;/&gt;&#x0D;&#x0A;&lt;child filterId=&quot;org.eclipse.jdt.ui.PackageExplorer.DeprecatedMembersFilter&quot; isEnabled=&quot;false&quot;/&gt;&#x0D;&#x0A;&lt;child filterId=&quot;org.eclipse.jdt.ui.PackageExplorer.ImportDeclarationFilter&quot; isEnabled=&quot;true&quot;/&gt;&#x0D;&#x0A;&lt;child filterId=&quot;org.eclipse.jdt.ui.PackageExplorer.NonJavaElementFilter&quot; isEnabled=&quot;false&quot;/&gt;&#x0D;&#x0A;&lt;child filterId=&quot;org.eclipse.jdt.ui.PackageExplorer.LibraryFilter&quot; isEnabled=&quot;false&quot;/&gt;&#x0D;&#x0A;&lt;child filterId=&quot;org.eclipse.jdt.ui.PackageExplorer.CuAndClassFileFilter&quot; isEnabled=&quot;false&quot;/&gt;&#x0D;&#x0A;&lt;child filterId=&quot;org.eclipse.jdt.internal.ui.PackageExplorer.EmptyPackageFilter&quot; isEnabled=&quot;false&quot;/&gt;&#x0D;&#x0A;&lt;child filterId=&quot;org.eclipse.jdt.ui.PackageExplorer.NonPublicFilter&quot; isEnabled=&quot;false&quot;/&gt;&#x0D;&#x0A;&lt;/xmlDefinedFilters&gt;&#x0D;&#x0A;&lt;/customFilters&gt;&#x0D;&#x0A;&lt;/packageExplorer&gt;"/>
	</section>
	<section name="completion_proposal_size">
	</section>
	<section name="quick_assist_proposal_size">
	</section>
	<section name="JavaElementSearchActions">
	</section>
	<section name="OptionalMessageDialog.hide.">
		<item key="org.eclipse.jdt.ui.typecomment.deprecated" value="true"/>
		<item key="configure_problem_severity_dialog_id" value="false"/>
	</section>
	<section name="NewClassWizardPage">
		<item key="create_constructor" value="false"/>
		<item key="create_unimplemented" value="true"/>
	</section>
	<section name="NewPackageWizardPage">
		<item key="create_package_info_java" value="false"/>
	</section>
	<section name="org.eclipse.jdt.internal.ui.text.QuickOutline">
		<item key="GoIntoTopLevelTypeAction.isChecked" value="false"/>
		<item key="org.eclipse.jdt.internal.ui.text.JavaOutlineInformationControlDIALOG_WIDTH" value="450"/>
		<item key="org.eclipse.jdt.internal.ui.text.JavaOutlineInformationControlDIALOG_HEIGHT" value="380"/>
		<item key="org.eclipse.jdt.internal.ui.text.JavaOutlineInformationControlDIALOG_USE_PERSISTED_SIZE" value="true"/>
		<item key="org.eclipse.jdt.internal.ui.text.JavaOutlineInformationControlDIALOG_USE_PERSISTED_LOCATION" value="false"/>
	</section>
	<section name="RenameInformationPopup">
	</section>
	<section name="RefactoringWizard.preview">
		<item key="width" value="600"/>
		<item key="height" value="400"/>
	</section>
	<section name="org.eclipse.ltk.ui.refactoring.settings">
		<item key="renameSubpackages" value="true"/>
		<item key="updateTextualMatches" value="false"/>
		<item key="updateQualifiedNames" value="false"/>
		<item key="patterns" value="*"/>
		<item key="updateSimilarElements" value="false"/>
		<item key="updateSimilarElementsMatchStrategy" value="1"/>
	</section>
	<section name="JavaSearchPage">
		<item key="CASE_SENSITIVE" value="false"/>
		<item key="INCLUDE_MASK" value="11"/>
		<item key="HISTORY_SIZE" value="4"/>
		<section name="HISTORY0">
			<item key="searchFor" value="0"/>
			<item key="scope" value="0"/>
			<item key="pattern" value="Calculator"/>
			<item key="limitTo" value="3"/>
			<item key="matchLocations" value="0"/>
			<item key="javaElement" value=""/>
			<item key="isCaseSensitive" value="false"/>
			<item key="includeMask" value="11"/>
			<list key="workingSets">
			</list>
		</section>
		<section name="HISTORY1">
			<item key="searchFor" value="0"/>
			<item key="scope" value="0"/>
			<item key="pattern" value="to string"/>
			<item key="limitTo" value="3"/>
			<item key="matchLocations" value="0"/>
			<item key="javaElement" value=""/>
			<item key="isCaseSensitive" value="false"/>
			<item key="includeMask" value="11"/>
			<list key="workingSets">
			</list>
		</section>
		<section name="HISTORY2">
			<item key="searchFor" value="0"/>
			<item key="scope" value="0"/>
			<item key="pattern" value="행의 크기"/>
			<item key="limitTo" value="3"/>
			<item key="matchLocations" value="0"/>
			<item key="javaElement" value=""/>
			<item key="isCaseSensitive" value="false"/>
			<item key="includeMask" value="11"/>
			<list key="workingSets">
			</list>
		</section>
		<section name="HISTORY3">
			<item key="searchFor" value="0"/>
			<item key="scope" value="0"/>
			<item key="pattern" value="count"/>
			<item key="limitTo" value="3"/>
			<item key="matchLocations" value="0"/>
			<item key="javaElement" value=""/>
			<item key="isCaseSensitive" value="false"/>
			<item key="includeMask" value="11"/>
			<list key="workingSets">
			</list>
		</section>
	</section>
	<section name="org.eclipse.jdt.internal.ui.dialogs.OpenTypeSelectionDialog2">
		<item key="ShowStatusLine" value="true"/>
		<item key="History" value="&lt;?xml version=&quot;1.0&quot; encoding=&quot;UTF-8&quot;?&gt;&#x0D;&#x0A;&lt;History/&gt;"/>
		<item key="WorkingSet" value="&lt;?xml version=&quot;1.0&quot; encoding=&quot;UTF-8&quot;?&gt;&#x0D;&#x0A;&lt;workingSet workingSetName=&quot;&quot;/&gt;"/>
		<section name="DialogBoundsSettings">
			<item key="DIALOG_HEIGHT" value="500"/>
			<item key="DIALOG_WIDTH" value="600"/>
			<item key="DIALOG_X_ORIGIN" value="197"/>
			<item key="DIALOG_Y_ORIGIN" value="174"/>
			<item key="DIALOG_FONT_NAME" value="1|맑은 고딕|9.0|0|WINDOWS|1|-12|0|0|0|400|0|0|0|1|0|0|0|0|맑은 고딕"/>
		</section>
	</section>
	<section name="org.eclipse.jdt.internal.ui.typehierarchy.QuickHierarchy">
		<item key="org.eclipse.jdt.internal.ui.typehierarchy.HierarchyInformationControlDIALOG_WIDTH" value="450"/>
		<item key="org.eclipse.jdt.internal.ui.typehierarchy.HierarchyInformationControlDIALOG_HEIGHT" value="380"/>
		<item key="org.eclipse.jdt.internal.ui.typehierarchy.HierarchyInformationControlDIALOG_USE_PERSISTED_SIZE" value="true"/>
		<item key="org.eclipse.jdt.internal.ui.typehierarchy.HierarchyInformationControlDIALOG_USE_PERSISTED_LOCATION" value="false"/>
	</section>
	<section name="SourceActionDialog.methods">
		<item key="VisibilityModifier" value="1"/>
		<item key="FinalModifier" value="false"/>
		<item key="SynchronizedModifier" value="false"/>
		<item key="Comments" value="false"/>
		<item key="LimitElements" value="false"/>
		<item key="IgnoreDefault" value="true"/>
		<item key="StringStyle" value="0"/>
		<item key="LimitValue" value="10"/>
		<item key="SkipNull" value="false"/>
		<item key="ToStringTemplateSelected" value="0"/>
		<item key="InstanceOf" value="false"/>
		<item key="Blocks" value="false"/>
		<item key="Objects.equals &amp; Objects.hash" value="true"/>
	</section>
	<section name="AddGetterSetterDialog">
		<item key="SortOrdering" value="false"/>
		<item key="RemoveFinal" value="false"/>
	</section>
	<section name="DialogBounds_GetterSetterTreeSelectionDialog">
		<item key="DIALOG_X_ORIGIN" value="8"/>
		<item key="DIALOG_Y_ORIGIN" value="77"/>
		<item key="DIALOG_WIDTH" value="540"/>
		<item key="DIALOG_HEIGHT" value="696"/>
		<item key="DIALOG_FONT_NAME" value="1|맑은 고딕|9.0|0|WINDOWS|1|-12|0|0|0|400|0|0|0|1|0|0|0|0|맑은 고딕"/>
	</section>
	<section name="SourceActionDialog.constructors">
		<item key="VisibilityModifier" value="1"/>
		<item key="FinalModifier" value="false"/>
		<item key="SynchronizedModifier" value="false"/>
		<item key="Comments" value="false"/>
	</section>
	<section name="GenerateConstructorUsingFieldsSelectionDialog">
		<item key="OmitCallToSuper" value="false"/>
	</section>
	<section name="DialogBounds_GenerateConstructorUsingFieldsSelectionDialog">
		<item key="DIALOG_X_ORIGIN" value="222"/>
		<item key="DIALOG_Y_ORIGIN" value="71"/>
		<item key="DIALOG_WIDTH" value="531"/>
		<item key="DIALOG_HEIGHT" value="678"/>
		<item key="DIALOG_FONT_NAME" value="1|맑은 고딕|9.0|0|WINDOWS|1|-12|0|0|0|400|0|0|0|1|0|0|0|0|맑은 고딕"/>
	</section>
	<section name="DialogBounds_GenerateToStringDialog">
		<item key="DIALOG_X_ORIGIN" value="175"/>
		<item key="DIALOG_Y_ORIGIN" value="63"/>
		<item key="DIALOG_WIDTH" value="516"/>
		<item key="DIALOG_HEIGHT" value="691"/>
		<item key="DIALOG_FONT_NAME" value="1|맑은 고딕|9.0|0|WINDOWS|1|-12|0|0|0|400|0|0|0|1|0|0|0|0|맑은 고딕"/>
	</section>
	<section name="AddUnimplementedConstructorsDialog">
		<item key="OmitCallToSuper" value="false"/>
	</section>
	<section name="DialogBounds_AddUnimplementedConstructorsDialog">
		<item key="DIALOG_X_ORIGIN" value="222"/>
		<item key="DIALOG_Y_ORIGIN" value="105"/>
		<item key="DIALOG_WIDTH" value="531"/>
		<item key="DIALOG_HEIGHT" value="627"/>
		<item key="DIALOG_FONT_NAME" value="1|맑은 고딕|9.0|0|WINDOWS|1|-12|0|0|0|400|0|0|0|1|0|0|0|0|맑은 고딕"/>
	</section>
	<section name="DialogBounds_GenerateHashCodeEqualsDialog">
		<item key="DIALOG_X_ORIGIN" value="229"/>
		<item key="DIALOG_Y_ORIGIN" value="127"/>
		<item key="DIALOG_WIDTH" value="516"/>
		<item key="DIALOG_HEIGHT" value="594"/>
		<item key="DIALOG_FONT_NAME" value="1|맑은 고딕|9.0|0|WINDOWS|1|-12|0|0|0|400|0|0|0|1|0|0|0|0|맑은 고딕"/>
	</section>
	<section name="NewAnnotationWizardPage">
		<item key="add_documented" value="false"/>
		<section name="AddRetention">
			<item key="enabled" value="false"/>
			<list key="selectedEnums">
				<item value="CLASS"/>
			</list>
		</section>
		<section name="AddTarget">
			<item key="enabled" value="false"/>
			<list key="selectedEnums">
			</list>
		</section>
	</section>
</section>
