<?xml version="1.0" encoding="UTF-8" standalone="no"?>
<qualifiedTypeNameHistroy>
    <fullyQualifiedTypeName name="edu.kh.oop.practice.model.vo.Book"/>
    <fullyQualifiedTypeName name="edu.kh.oarr.practice.model.vo.Employee"/>
    <fullyQualifiedTypeName name="edu.kh.oarr.practice.model.service.EmployeeService"/>
    <fullyQualifiedTypeName name="edu.kh.inheritance.model.vo.Person"/>
    <fullyQualifiedTypeName name="edu.kh.inheritance.model.vo.Student"/>
    <fullyQualifiedTypeName name="edu.kh.inheritance.model.vo.Employee"/>
    <fullyQualifiedTypeName name="java.lang.Integer"/>
    <fullyQualifiedTypeName name="edu.kh.inheritance.model.vo.Parent"/>
    <fullyQualifiedTypeName name="edu.kh.inheritance.model.vo.Child"/>
    <fullyQualifiedTypeName name="edu.kh.inheritance.run.inheritanceRun"/>
    <fullyQualifiedTypeName name="edu.kh.inheritance.model.service.inheritanceService"/>
    <fullyQualifiedTypeName name="edu.kh.objarray.practice.model.service.PracticeService"/>
    <fullyQualifiedTypeName name="edu.kh.objarray.practice.model.vo.Student"/>
    <fullyQualifiedTypeName name="edu.kh.poly.ex2.model.vo.Animal"/>
    <fullyQualifiedTypeName name="edu.kh.poly.ex2.model.vo.Person"/>
    <fullyQualifiedTypeName name="edu.kh.poly.ex2.run.AbstractRun"/>
    <fullyQualifiedTypeName name="edu.kh.poly.ex2.model.service.AbstractService"/>
    <fullyQualifiedTypeName name="edu.kh.poly.ex2.model.vo.Fish"/>
    <fullyQualifiedTypeName name="edu.kh.collection.model.vo.Student"/>
    <fullyQualifiedTypeName name="edu.kh.collection.model.service.StudentService"/>
    <fullyQualifiedTypeName name="java.util.LinkedList"/>
    <fullyQualifiedTypeName name="java.util.HashSet"/>
    <fullyQualifiedTypeName name="edu.kh.collection.model.service.SetService"/>
    <fullyQualifiedTypeName name="java.util.Iterator"/>
    <fullyQualifiedTypeName name="java.lang.Override"/>
    <fullyQualifiedTypeName name="java.util.LinkedHashSet"/>
    <fullyQualifiedTypeName name="java.util.TreeSet"/>
    <fullyQualifiedTypeName name="kh.edu.updown.model.vo.Member"/>
    <fullyQualifiedTypeName name="java.util.InputMismatchException"/>
    <fullyQualifiedTypeName name="edu.kh.collection.model.service.MapService"/>
    <fullyQualifiedTypeName name="java.util.Map"/>
    <fullyQualifiedTypeName name="edu.kh.collection.model.vo.Member"/>
    <fullyQualifiedTypeName name="java.util.Set"/>
    <fullyQualifiedTypeName name="java.util.HashMap"/>
    <fullyQualifiedTypeName name="java.io.FileNotFoundException"/>
    <fullyQualifiedTypeName name="java.io.FileWriter"/>
    <fullyQualifiedTypeName name="edu.kh.io.model.service.IOService"/>
    <fullyQualifiedTypeName name="java.io.FileReader"/>
    <fullyQualifiedTypeName name="java.io.Serializable"/>
    <fullyQualifiedTypeName name="java.io.ObjectOutputStream"/>
    <fullyQualifiedTypeName name="java.io.FileOutputStream"/>
    <fullyQualifiedTypeName name="java.io.ObjectInputStream"/>
    <fullyQualifiedTypeName name="java.io.FileInputStream"/>
    <fullyQualifiedTypeName name="java.io.InputStreamReader"/>
    <fullyQualifiedTypeName name="java.io.Closeable"/>
    <fullyQualifiedTypeName name="edu.kh.network.model.service.TCPServer"/>
    <fullyQualifiedTypeName name="java.util.Date"/>
    <fullyQualifiedTypeName name="java.text.SimpleDateFormat"/>
    <fullyQualifiedTypeName name="edu.kh.io.model.vo.Student"/>
    <fullyQualifiedTypeName name="java.lang.System"/>
    <fullyQualifiedTypeName name="java.util.ArrayList"/>
    <fullyQualifiedTypeName name="java.util.List"/>
    <fullyQualifiedTypeName name="java.io.IOException"/>
    <fullyQualifiedTypeName name="java.util.Scanner"/>
    <fullyQualifiedTypeName name="java.net.ServerSocket"/>
    <fullyQualifiedTypeName name="java.net.Socket"/>
    <fullyQualifiedTypeName name="java.io.InputStream"/>
    <fullyQualifiedTypeName name="java.io.BufferedReader"/>
    <fullyQualifiedTypeName name="java.io.OutputStream"/>
    <fullyQualifiedTypeName name="java.io.PrintWriter"/>
</qualifiedTypeNameHistroy>
