{"lastUsed":1718959132322,"path":"C:\/workspace\/5_Server","projectCount":2,"recentFiles":[{"path":"\/JSPProject\/src\/main\/java\/edu\/kh\/jsp\/controller","parentWorkspace":"C:\/workspace\/5_Server","name":"chickenOrder.java","lastModified":1718941207892,"locationURI":"file:\/C:\/workspace\/5_Server\/JSPProject\/src\/main\/java\/edu\/kh\/jsp\/controller\/chickenOrder.java"},{"path":"\/JSPProject\/src\/main\/webapp\/WEB-INF","parentWorkspace":"C:\/workspace\/5_Server","name":"web.xml","lastModified":1718929414776,"locationURI":"file:\/C:\/workspace\/5_Server\/JSPProject\/src\/main\/webapp\/WEB-INF\/web.xml"},{"path":"\/JSPProject\/src\/main\/java\/edu\/kh\/jsp\/controller","parentWorkspace":"C:\/workspace\/5_Server","name":"pizzaOrderServlet.java","lastModified":1718948517557,"locationURI":"file:\/C:\/workspace\/5_Server\/JSPProject\/src\/main\/java\/edu\/kh\/jsp\/controller\/pizzaOrderServlet.java"},{"path":"\/ServletProject1\/src\/main\/java\/edu\/kh\/servlet","parentWorkspace":"C:\/workspace\/5_Server","name":"ServletEx3.java","lastModified":1718867966637,"locationURI":"file:\/C:\/workspace\/5_Server\/ServletProject1\/src\/main\/java\/edu\/kh\/servlet\/ServletEx3.java"},{"path":"\/JSPProject\/src\/main\/webapp\/WEB-INF\/views","parentWorkspace":"C:\/workspace\/5_Server","name":"orderResult.jsp","lastModified":1718948863585,"locationURI":"file:\/C:\/workspace\/5_Server\/JSPProject\/src\/main\/webapp\/WEB-INF\/views\/orderResult.jsp"},{"path":"\/ServletProject1\/src\/main\/java\/edu\/kh\/servlet","parentWorkspace":"C:\/workspace\/5_Server","name":"ServletEx2.java","lastModified":1718861003105,"locationURI":"file:\/C:\/workspace\/5_Server\/ServletProject1\/src\/main\/java\/edu\/kh\/servlet\/ServletEx2.java"},{"path":"\/ServletProject1\/src\/main\/webapp","parentWorkspace":"C:\/workspace\/5_Server","name":"index.html","lastModified":1718929143580,"locationURI":"file:\/C:\/workspace\/5_Server\/ServletProject1\/src\/main\/webapp\/index.html"},{"path":"\/JSPProject\/src\/main\/webapp\/WEB-INF\/views","parentWorkspace":"C:\/workspace\/5_Server","name":"loginResult.jsp","lastModified":1718934510701,"locationURI":"file:\/C:\/workspace\/5_Server\/JSPProject\/src\/main\/webapp\/WEB-INF\/views\/loginResult.jsp"},{"path":"\/ServletProject1\/src\/main\/java\/edu\/kh\/servlet","parentWorkspace":"C:\/workspace\/5_Server","name":"ServletEx1.java","lastModified":1718860596134,"locationURI":"file:\/C:\/workspace\/5_Server\/ServletProject1\/src\/main\/java\/edu\/kh\/servlet\/ServletEx1.java"},{"path":"\/JSPProject\/src\/main\/webapp\/WEB-INF\/views","parentWorkspace":"C:\/workspace\/5_Server","name":"chickenOrder.jsp","lastModified":1718941342471,"locationURI":"file:\/C:\/workspace\/5_Server\/JSPProject\/src\/main\/webapp\/WEB-INF\/views\/chickenOrder.jsp"},{"path":"\/ServletProject1\/src\/main\/webapp\/WEB-INF","parentWorkspace":"C:\/workspace\/5_Server","name":"web.xml","lastModified":1718929143569,"locationURI":"file:\/C:\/workspace\/5_Server\/ServletProject1\/src\/main\/webapp\/WEB-INF\/web.xml"},{"path":"\/JSPProject\/src\/main\/java\/edu\/kh\/jsp\/controller","parentWorkspace":"C:\/workspace\/5_Server","name":"LoginServlet.java","lastModified":1718934106014,"locationURI":"file:\/C:\/workspace\/5_Server\/JSPProject\/src\/main\/java\/edu\/kh\/jsp\/controller\/LoginServlet.java"},{"path":"\/Servers\/JSP Server-config","parentWorkspace":"C:\/workspace\/5_Server","name":"context.xml","lastModified":1718939907434,"locationURI":"file:\/C:\/workspace\/5_Server\/Servers\/JSP%20Server-config\/context.xml"},{"path":"\/JSPProject\/src\/main\/webapp","parentWorkspace":"C:\/workspace\/5_Server","name":"index.html","lastModified":1718941333532,"locationURI":"file:\/C:\/workspace\/5_Server\/JSPProject\/src\/main\/webapp\/index.html"}]}