{"lastUsed":1719817538618,"path":"C:\/workspace\/5_Server","projectCount":4,"recentFiles":[{"path":"\/JSPProject\/src\/main\/java\/edu\/kh\/jsp\/controller","parentWorkspace":"C:\/workspace\/5_Server","name":"chickenOrder.java","lastModified":1719361228803,"locationURI":"file:\/C:\/workspace\/5_Server\/JSPProject\/src\/main\/java\/edu\/kh\/jsp\/controller\/chickenOrder.java"},{"path":"\/JSPProject\/src\/main\/java\/edu\/kh\/jsp\/controller","parentWorkspace":"C:\/workspace\/5_Server","name":"SelectAllServlet.java","lastModified":1719367501548,"locationURI":"file:\/C:\/workspace\/5_Server\/JSPProject\/src\/main\/java\/edu\/kh\/jsp\/controller\/SelectAllServlet.java"},{"path":"\/JSPProject\/src\/main\/java\/edu\/kh\/jsp\/model\/vo","parentWorkspace":"C:\/workspace\/5_Server","name":"Member.java","lastModified":1719365164589,"locationURI":"file:\/C:\/workspace\/5_Server\/JSPProject\/src\/main\/java\/edu\/kh\/jsp\/model\/vo\/Member.java"},{"path":"\/JSPProject\/src\/main\/java\/edu\/kh\/jsp\/controller","parentWorkspace":"C:\/workspace\/5_Server","name":"SignUpServlet.java","lastModified":1719210556495,"locationURI":"file:\/C:\/workspace\/5_Server\/JSPProject\/src\/main\/java\/edu\/kh\/jsp\/controller\/SignUpServlet.java"},{"path":"\/server-sourcetree-semi\/src\/main\/webapp","parentWorkspace":"C:\/workspace\/5_Server","name":"황건하.txt","lastModified":1719545647211,"locationURI":"file:\/C:\/semi-kakao\/server-sourcetree-semi\/src\/main\/webapp\/황건하.txt"},{"path":"\/community\/src\/main\/java\/edu\/kh\/community\/common\/filter","parentWorkspace":"C:\/workspace\/5_Server","name":"EncryptFilter.java","lastModified":1719814835800,"locationURI":"file:\/C:\/workspace\/5_Server\/community\/src\/main\/java\/edu\/kh\/community\/common\/filter\/EncryptFilter.java"},{"path":"\/JSPProject\/src\/main\/webapp\/WEB-INF\/views","parentWorkspace":"C:\/workspace\/5_Server","name":"orderResult.jsp","lastModified":1718948863585,"locationURI":"file:\/C:\/workspace\/5_Server\/JSPProject\/src\/main\/webapp\/WEB-INF\/views\/orderResult.jsp"},{"path":"\/JSPProject\/src\/main\/webapp\/WEB-INF\/views\/el","parentWorkspace":"C:\/workspace\/5_Server","name":"scopeResult.jsp","lastModified":1719285443447,"locationURI":"file:\/C:\/workspace\/5_Server\/JSPProject\/src\/main\/webapp\/WEB-INF\/views\/el\/scopeResult.jsp"},{"path":"\/JSPProject\/src\/main\/java\/edu\/kh\/jsp\/model\/service","parentWorkspace":"C:\/workspace\/5_Server","name":"MemberService.java","lastModified":1719366101467,"locationURI":"file:\/C:\/workspace\/5_Server\/JSPProject\/src\/main\/java\/edu\/kh\/jsp\/model\/service\/MemberService.java"},{"path":"\/community\/src\/main\/java\/edu\/kh\/community\/member\/model\/vo","parentWorkspace":"C:\/workspace\/5_Server","name":"Member.java","lastModified":1719456441631,"locationURI":"file:\/C:\/workspace\/5_Server\/community\/src\/main\/java\/edu\/kh\/community\/member\/model\/vo\/Member.java"},{"path":"\/community\/src\/main\/java\/edu\/kh\/community\/common","parentWorkspace":"C:\/workspace\/5_Server","name":"JDBCTemplate.java","lastModified":1719540697432,"locationURI":"file:\/C:\/workspace\/5_Server\/community\/src\/main\/java\/edu\/kh\/community\/common\/JDBCTemplate.java"},{"path":"\/ServletProject1\/src\/main\/java\/edu\/kh\/servlet","parentWorkspace":"C:\/workspace\/5_Server","name":"ServletEx2.java","lastModified":1718861003105,"locationURI":"file:\/C:\/workspace\/5_Server\/ServletProject1\/src\/main\/java\/edu\/kh\/servlet\/ServletEx2.java"},{"path":"\/community\/src\/main\/java\/edu\/kh\/community\/member\/controller","parentWorkspace":"C:\/workspace\/5_Server","name":"LogoutServlet.java","lastModified":1719540697432,"locationURI":"file:\/C:\/workspace\/5_Server\/community\/src\/main\/java\/edu\/kh\/community\/member\/controller\/LogoutServlet.java"},{"path":"\/ServletProject1\/src\/main\/webapp","parentWorkspace":"C:\/workspace\/5_Server","name":"index.html","lastModified":1718929143580,"locationURI":"file:\/C:\/workspace\/5_Server\/ServletProject1\/src\/main\/webapp\/index.html"},{"path":"\/community\/src\/main\/java\/edu\/kh\/community\/member\/model\/service","parentWorkspace":"C:\/workspace\/5_Server","name":"MemberService.java","lastModified":1719801458789,"locationURI":"file:\/C:\/workspace\/5_Server\/community\/src\/main\/java\/edu\/kh\/community\/member\/model\/service\/MemberService.java"},{"path":"\/JSPProject\/src\/main\/java\/edu\/kh\/jsp\/controller","parentWorkspace":"C:\/workspace\/5_Server","name":"LoginServlet.java","lastModified":1718934106014,"locationURI":"file:\/C:\/workspace\/5_Server\/JSPProject\/src\/main\/java\/edu\/kh\/jsp\/controller\/LoginServlet.java"},{"path":"\/JSPProject\/src\/main\/webapp\/WEB-INF\/views","parentWorkspace":"C:\/workspace\/5_Server","name":"signUpResult.jsp","lastModified":1719216226095,"locationURI":"file:\/C:\/workspace\/5_Server\/JSPProject\/src\/main\/webapp\/WEB-INF\/views\/signUpResult.jsp"},{"path":"\/community\/src\/main\/java\/edu\/kh\/community\/member\/model\/dao","parentWorkspace":"C:\/workspace\/5_Server","name":"MemberDAO.java","lastModified":1719801740652,"locationURI":"file:\/C:\/workspace\/5_Server\/community\/src\/main\/java\/edu\/kh\/community\/member\/model\/dao\/MemberDAO.java"},{"path":"\/JSPProject\/src\/main\/webapp\/WEB-INF\/views","parentWorkspace":"C:\/workspace\/5_Server","name":"selectAll.jsp","lastModified":1719367372720,"locationURI":"file:\/C:\/workspace\/5_Server\/JSPProject\/src\/main\/webapp\/WEB-INF\/views\/selectAll.jsp"},{"path":"\/Servers\/JSP Server-config","parentWorkspace":"C:\/workspace\/5_Server","name":"context.xml","lastModified":1718939907434,"locationURI":"file:\/C:\/workspace\/5_Server\/Servers\/JSP%20Server-config\/context.xml"},{"path":"\/JSPProject\/src\/main\/webapp","parentWorkspace":"C:\/workspace\/5_Server","name":"index.html","lastModified":1719206085235,"locationURI":"file:\/C:\/workspace\/5_Server\/JSPProject\/src\/main\/webapp\/index.html"},{"path":"\/Servers\/community server-config","parentWorkspace":"C:\/workspace\/5_Server","name":"context.xml","lastModified":1719539345372,"locationURI":"file:\/C:\/workspace\/5_Server\/Servers\/community%20server-config\/context.xml"},{"path":"\/community\/src\/main\/java\/edu\/kh\/community\/common\/filter","parentWorkspace":"C:\/workspace\/5_Server","name":"EncodingFilter.java","lastModified":1719447766818,"locationURI":"file:\/C:\/workspace\/5_Server\/community\/src\/main\/java\/edu\/kh\/community\/common\/filter\/EncodingFilter.java"},{"path":"\/JSPProject\/src\/main\/java\/edu\/kh\/jsp\/model\/vo","parentWorkspace":"C:\/workspace\/5_Server","name":"Person.java","lastModified":1719277988154,"locationURI":"file:\/C:\/workspace\/5_Server\/JSPProject\/src\/main\/java\/edu\/kh\/jsp\/model\/vo\/Person.java"},{"path":"\/JSPProject\/src\/main\/webapp\/WEB-INF\/views\/el","parentWorkspace":"C:\/workspace\/5_Server","name":"result.jsp","lastModified":1719284980744,"locationURI":"file:\/C:\/workspace\/5_Server\/JSPProject\/src\/main\/webapp\/WEB-INF\/views\/el\/result.jsp"},{"path":"\/JSPProject\/src\/main\/webapp\/WEB-INF","parentWorkspace":"C:\/workspace\/5_Server","name":"web.xml","lastModified":1718929414776,"locationURI":"file:\/C:\/workspace\/5_Server\/JSPProject\/src\/main\/webapp\/WEB-INF\/web.xml"},{"path":"\/JSPProject\/src\/main\/java\/edu\/kh\/jsp\/controller","parentWorkspace":"C:\/workspace\/5_Server","name":"pizzaOrderServlet.java","lastModified":1718948517557,"locationURI":"file:\/C:\/workspace\/5_Server\/JSPProject\/src\/main\/java\/edu\/kh\/jsp\/controller\/pizzaOrderServlet.java"},{"path":"\/JSPProject\/src\/main\/java\/edu\/kh\/jsp\/controller","parentWorkspace":"C:\/workspace\/5_Server","name":"ELResultServlet.java","lastModified":1719279243569,"locationURI":"file:\/C:\/workspace\/5_Server\/JSPProject\/src\/main\/java\/edu\/kh\/jsp\/controller\/ELResultServlet.java"},{"path":"\/ServletProject1\/src\/main\/java\/edu\/kh\/servlet","parentWorkspace":"C:\/workspace\/5_Server","name":"ServletEx3.java","lastModified":1718867966637,"locationURI":"file:\/C:\/workspace\/5_Server\/ServletProject1\/src\/main\/java\/edu\/kh\/servlet\/ServletEx3.java"},{"path":"\/JSPProject\/src\/main\/webapp","parentWorkspace":"C:\/workspace\/5_Server","name":"jstl_2.jsp","lastModified":1719299747117,"locationURI":"file:\/C:\/workspace\/5_Server\/JSPProject\/src\/main\/webapp\/jstl_2.jsp"},{"path":"\/community\/src\/main\/java\/edu\/kh\/community\/common\/wrapper","parentWorkspace":"C:\/workspace\/5_Server","name":"EncryptWrapper.java","lastModified":1719811077584,"locationURI":"file:\/C:\/workspace\/5_Server\/community\/src\/main\/java\/edu\/kh\/community\/common\/wrapper\/EncryptWrapper.java"},{"path":"\/JSPProject\/src\/main\/webapp\/WEB-INF\/views","parentWorkspace":"C:\/workspace\/5_Server","name":"loginResult.jsp","lastModified":1718934510701,"locationURI":"file:\/C:\/workspace\/5_Server\/JSPProject\/src\/main\/webapp\/WEB-INF\/views\/loginResult.jsp"},{"path":"\/ServletProject1\/src\/main\/java\/edu\/kh\/servlet","parentWorkspace":"C:\/workspace\/5_Server","name":"ServletEx1.java","lastModified":1718860596134,"locationURI":"file:\/C:\/workspace\/5_Server\/ServletProject1\/src\/main\/java\/edu\/kh\/servlet\/ServletEx1.java"},{"path":"\/JSPProject\/src\/main\/webapp\/WEB-INF\/views","parentWorkspace":"C:\/workspace\/5_Server","name":"chickenOrder.jsp","lastModified":1718941342471,"locationURI":"file:\/C:\/workspace\/5_Server\/JSPProject\/src\/main\/webapp\/WEB-INF\/views\/chickenOrder.jsp"},{"path":"\/JSPProject\/src\/main\/webapp","parentWorkspace":"C:\/workspace\/5_Server","name":"forResult.jsp","lastModified":1719299132151,"locationURI":"file:\/C:\/workspace\/5_Server\/JSPProject\/src\/main\/webapp\/forResult.jsp"},{"path":"\/community\/src\/main\/webapp","parentWorkspace":"C:\/workspace\/5_Server","name":"index.jsp","lastModified":1719816595442,"locationURI":"file:\/C:\/workspace\/5_Server\/community\/src\/main\/webapp\/index.jsp"},{"path":"\/community\/src\/main\/java\/edu\/kh\/community\/sql","parentWorkspace":"C:\/workspace\/5_Server","name":"CreateXML.java","lastModified":1719450427832,"locationURI":"file:\/C:\/workspace\/5_Server\/community\/src\/main\/java\/edu\/kh\/community\/sql\/CreateXML.java"},{"path":"\/ServletProject1\/src\/main\/webapp\/WEB-INF","parentWorkspace":"C:\/workspace\/5_Server","name":"web.xml","lastModified":1718929143569,"locationURI":"file:\/C:\/workspace\/5_Server\/ServletProject1\/src\/main\/webapp\/WEB-INF\/web.xml"},{"path":"\/JSPProject\/src\/main\/java\/edu\/kh\/jsp\/sql","parentWorkspace":"C:\/workspace\/5_Server","name":"driver.xml","lastModified":1719362192603,"locationURI":"file:\/C:\/workspace\/5_Server\/JSPProject\/src\/main\/java\/edu\/kh\/jsp\/sql\/driver.xml"},{"path":"\/JSPProject\/src\/main\/java\/edu\/kh\/jsp\/common","parentWorkspace":"C:\/workspace\/5_Server","name":"JDBCTemplate.java","lastModified":1719362398704,"locationURI":"file:\/C:\/workspace\/5_Server\/JSPProject\/src\/main\/java\/edu\/kh\/jsp\/common\/JDBCTemplate.java"},{"path":"\/JSPProject\/src\/main\/java\/edu\/kh\/jsp\/model\/dao","parentWorkspace":"C:\/workspace\/5_Server","name":"MemberDAO.java","lastModified":1719367823724,"locationURI":"file:\/C:\/workspace\/5_Server\/JSPProject\/src\/main\/java\/edu\/kh\/jsp\/model\/dao\/MemberDAO.java"},{"path":"\/community\/src\/main\/java\/edu\/kh\/community\/member\/controller","parentWorkspace":"C:\/workspace\/5_Server","name":"LoginServlet.java","lastModified":1719811426512,"locationURI":"file:\/C:\/workspace\/5_Server\/community\/src\/main\/java\/edu\/kh\/community\/member\/controller\/LoginServlet.java"},{"path":"\/server-sourcetree-semi\/src\/main\/webapp","parentWorkspace":"C:\/workspace\/5_Server","name":"박성현.txt","lastModified":1719545048613,"locationURI":"file:\/C:\/semi-kakao\/server-sourcetree-semi\/src\/main\/webapp\/박성현.txt"},{"path":"\/JSPProject\/src\/main\/webapp","parentWorkspace":"C:\/workspace\/5_Server","name":"jstl_1.jsp","lastModified":1719297756223,"locationURI":"file:\/C:\/workspace\/5_Server\/JSPProject\/src\/main\/webapp\/jstl_1.jsp"},{"path":"\/JSPProject\/src\/main\/java\/edu\/kh\/jsp\/controller","parentWorkspace":"C:\/workspace\/5_Server","name":"ScopeServlet.java","lastModified":1719362520168,"locationURI":"file:\/C:\/workspace\/5_Server\/JSPProject\/src\/main\/java\/edu\/kh\/jsp\/controller\/ScopeServlet.java"},{"path":"\/community\/src\/main\/java\/edu\/kh\/community\/sql","parentWorkspace":"C:\/workspace\/5_Server","name":"member-sql.xml","lastModified":1719802841670,"locationURI":"file:\/C:\/workspace\/5_Server\/community\/src\/main\/java\/edu\/kh\/community\/sql\/member-sql.xml"},{"path":"\/server-sourcetree-semi\/src\/main\/webapp\/resources\/원본파일 모음\/javascript","parentWorkspace":"C:\/workspace\/5_Server","name":"mypage.js","lastModified":1719813978848,"locationURI":"file:\/C:\/semi-kakao\/server-sourcetree-semi\/src\/main\/webapp\/resources\/원본파일%20모음\/javascript\/mypage.js"},{"path":"\/community\/src\/main\/java\/edu\/kh\/community\/member\/controller","parentWorkspace":"C:\/workspace\/5_Server","name":"SignUpServlet.java","lastModified":1719817236091,"locationURI":"file:\/C:\/workspace\/5_Server\/community\/src\/main\/java\/edu\/kh\/community\/member\/controller\/SignUpServlet.java"}]}