<?xml version="1.0" encoding="UTF-8"?>
<section name="Workbench">
	<item key="org.eclipse.jdt.ui.last.selected.jre.kind2" value="2"/>
	<item key="org.eclipse.jdt.ui.last.selected.execution.enviroment" value="JavaSE-11"/>
	<item key="org.eclipse.jdt.ui.lastextjar" value="C:\tools\jdbc"/>
	<section name="JavaElementSearchActions">
	</section>
	<section name="BuildPathsPropertyPage">
		<item key="pageIndex" value="2"/>
	</section>
	<section name="completion_proposal_size">
	</section>
	<section name="quick_assist_proposal_size">
	</section>
	<section name="OptionalMessageDialog.hide.">
		<item key="org.eclipse.jdt.ui.typecomment.deprecated" value="true"/>
	</section>
	<section name="NewClassWizardPage">
		<item key="create_constructor" value="false"/>
		<item key="create_unimplemented" value="true"/>
	</section>
	<section name="SourceActionDialog.constructors">
		<item key="VisibilityModifier" value="1"/>
		<item key="FinalModifier" value="false"/>
		<item key="SynchronizedModifier" value="false"/>
		<item key="Comments" value="false"/>
	</section>
	<section name="AddUnimplementedConstructorsDialog">
		<item key="OmitCallToSuper" value="false"/>
	</section>
	<section name="DialogBounds_AddUnimplementedConstructorsDialog">
		<item key="DIALOG_X_ORIGIN" value="180"/>
		<item key="DIALOG_Y_ORIGIN" value="105"/>
		<item key="DIALOG_WIDTH" value="531"/>
		<item key="DIALOG_HEIGHT" value="627"/>
		<item key="DIALOG_FONT_NAME" value="1|맑은 고딕|9.0|0|WINDOWS|1|-12|0|0|0|400|0|0|0|1|0|0|0|0|맑은 고딕"/>
	</section>
	<section name="GenerateConstructorUsingFieldsSelectionDialog">
		<item key="OmitCallToSuper" value="false"/>
	</section>
	<section name="DialogBounds_GenerateConstructorUsingFieldsSelectionDialog">
		<item key="DIALOG_X_ORIGIN" value="697"/>
		<item key="DIALOG_Y_ORIGIN" value="65"/>
		<item key="DIALOG_WIDTH" value="531"/>
		<item key="DIALOG_HEIGHT" value="678"/>
		<item key="DIALOG_FONT_NAME" value="1|맑은 고딕|9.0|0|WINDOWS|1|-12|0|0|0|400|0|0|0|1|0|0|0|0|맑은 고딕"/>
	</section>
	<section name="SourceActionDialog.methods">
		<item key="LimitElements" value="false"/>
		<item key="IgnoreDefault" value="true"/>
		<item key="StringStyle" value="0"/>
		<item key="LimitValue" value="10"/>
		<item key="SkipNull" value="false"/>
		<item key="ToStringTemplateSelected" value="0"/>
		<item key="FinalModifier" value="false"/>
		<item key="SynchronizedModifier" value="false"/>
		<item key="Comments" value="false"/>
		<item key="VisibilityModifier" value="1"/>
	</section>
	<section name="DialogBounds_GenerateToStringDialog">
		<item key="DIALOG_X_ORIGIN" value="187"/>
		<item key="DIALOG_Y_ORIGIN" value="63"/>
		<item key="DIALOG_WIDTH" value="516"/>
		<item key="DIALOG_HEIGHT" value="691"/>
		<item key="DIALOG_FONT_NAME" value="1|맑은 고딕|9.0|0|WINDOWS|1|-12|0|0|0|400|0|0|0|1|0|0|0|0|맑은 고딕"/>
	</section>
	<section name="AddGetterSetterDialog">
		<item key="SortOrdering" value="false"/>
		<item key="RemoveFinal" value="false"/>
	</section>
	<section name="DialogBounds_GetterSetterTreeSelectionDialog">
		<item key="DIALOG_X_ORIGIN" value="175"/>
		<item key="DIALOG_Y_ORIGIN" value="59"/>
		<item key="DIALOG_WIDTH" value="540"/>
		<item key="DIALOG_HEIGHT" value="696"/>
		<item key="DIALOG_FONT_NAME" value="1|맑은 고딕|9.0|0|WINDOWS|1|-12|0|0|0|400|0|0|0|1|0|0|0|0|맑은 고딕"/>
	</section>
	<section name="RenameInformationPopup">
	</section>
	<section name="NewPackageWizardPage">
		<item key="create_package_info_java" value="false"/>
	</section>
</section>
