<?xml version="1.0" encoding="UTF-8" standalone="no"?>
<qualifiedTypeNameHistroy>
    <fullyQualifiedTypeName name="java.lang.ClassNotFoundException"/>
    <fullyQualifiedTypeName name="edu.kh.jdbc.model.service.EmployeeService"/>
    <fullyQualifiedTypeName name="edu.kh.jdbc.model.dao.EmployeeDAO"/>
    <fullyQualifiedTypeName name="java.sql.SQLException"/>
    <fullyQualifiedTypeName name="edu.kh.jdbc.model.vo.Employee"/>
    <fullyQualifiedTypeName name="edu.kh.jdbc.view.EmployeeView"/>
    <fullyQualifiedTypeName name="java.io.FileOutputStream"/>
    <fullyQualifiedTypeName name="java.io.IOException"/>
    <fullyQualifiedTypeName name="note.view.EmployeeView"/>
    <fullyQualifiedTypeName name="note.service.EmployeeService"/>
    <fullyQualifiedTypeName name="note.dao.EmployeeDAO"/>
    <fullyQualifiedTypeName name="note.vo.Employee"/>
    <fullyQualifiedTypeName name="java.io.BufferedReader"/>
    <fullyQualifiedTypeName name="java.io.InputStreamReader"/>
    <fullyQualifiedTypeName name="java.sql.DriverManager"/>
    <fullyQualifiedTypeName name="edu.kh.jdbc.main.view.MainView"/>
    <fullyQualifiedTypeName name="edu.kh.jdbc.member.view.MemberView"/>
    <fullyQualifiedTypeName name="edu.kh.jdbc.member.model.service.MemberService"/>
    <fullyQualifiedTypeName name="edu.kh.jdbc.member.model.dao.MemberDAO"/>
    <fullyQualifiedTypeName name="java.sql.Statement"/>
    <fullyQualifiedTypeName name="java.sql.ResultSet"/>
    <fullyQualifiedTypeName name="edu.kh.jdbc.common.JDBCTemplate"/>
    <fullyQualifiedTypeName name="java.lang.Integer"/>
    <fullyQualifiedTypeName name="edu.kh.jdbc.member.model.vo.Member"/>
    <fullyQualifiedTypeName name="java.util.Properties"/>
    <fullyQualifiedTypeName name="java.io.FileInputStream"/>
    <fullyQualifiedTypeName name="edu.kh.jdbc.board.view.BoardView"/>
    <fullyQualifiedTypeName name="java.util.InputMismatchException"/>
    <fullyQualifiedTypeName name="java.util.Scanner"/>
    <fullyQualifiedTypeName name="java.util.ArrayList"/>
    <fullyQualifiedTypeName name="edu.kh.jdbc.board.model.service.BoardService"/>
    <fullyQualifiedTypeName name="java.sql.Connection"/>
    <fullyQualifiedTypeName name="java.sql.Date"/>
    <fullyQualifiedTypeName name="java.util.List"/>
    <fullyQualifiedTypeName name="java.sql.PreparedStatement"/>
    <fullyQualifiedTypeName name="edu.kh.jdbc.board.model.vo.Reply"/>
    <fullyQualifiedTypeName name="java.lang.Math"/>
    <fullyQualifiedTypeName name="stack.StackInterface"/>
    <fullyQualifiedTypeName name="java.util.Map"/>
    <fullyQualifiedTypeName name="java.util.HashMap"/>
    <fullyQualifiedTypeName name="javax.management.remote.JMXConnectorServerMBean"/>
    <fullyQualifiedTypeName name="edu.kh.jdbc.board.model.dao.BoardDAO"/>
    <fullyQualifiedTypeName name="edu.kh.jdbc.board.model.vo.Board"/>
</qualifiedTypeNameHistroy>
