{"lastUsed":1716866941506,"path":"C:\/workspace\/3_JDBC","projectCount":4,"recentFiles":[{"path":"\/member_board\/src\/edu\/kh\/jdbc\/board\/model\/dao","parentWorkspace":"C:\/workspace\/3_JDBC","name":"BoardDAO.java","lastModified":1716858535296},{"path":"\/member_board\/src\/edu\/kh\/jdbc\/board\/view","parentWorkspace":"C:\/workspace\/3_JDBC","name":"BoardView.java","lastModified":1716858972886},{"path":"\/member_board\/src\/edu\/kh\/jdbc\/member\/model\/vo","parentWorkspace":"C:\/workspace\/3_JDBC","name":"Member.java"},{"path":"\/note\/src\/implement","parentWorkspace":"C:\/workspace\/3_JDBC","name":"SHBank.java","lastModified":1716785195153,"locationURI":"file:\/C:\/workspace\/3_JDBC\/note\/src\/implement\/SHBank.java"},{"path":"\/member_board","parentWorkspace":"C:\/workspace\/3_JDBC","name":"driver.xml"},{"path":"\/member_board\/src\/edu\/kh\/jdbc\/board\/model\/vo","parentWorkspace":"C:\/workspace\/3_JDBC","name":"Reply.java","lastModified":1716789084026},{"path":"\/note\/src\/implement","parentWorkspace":"C:\/workspace\/3_JDBC","name":"IPhone.java","lastModified":1716784309353,"locationURI":"file:\/C:\/workspace\/3_JDBC\/note\/src\/implement\/IPhone.java"},{"path":"\/note\/src\/note","parentWorkspace":"C:\/workspace\/3_JDBC","name":"note.java"},{"path":"\/member_board\/src\/edu\/kh\/jdbc\/member\/model\/service","parentWorkspace":"C:\/workspace\/3_JDBC","name":"MemberService.java"},{"path":"\/note\/src\/note\/dao","parentWorkspace":"C:\/workspace\/3_JDBC","name":"EmployeeDAO.java"},{"path":"\/note\/src\/note\/vo","parentWorkspace":"C:\/workspace\/3_JDBC","name":"Employee.java"},{"path":"\/note\/src\/implement","parentWorkspace":"C:\/workspace\/3_JDBC","name":"HandPhone.java","lastModified":1716783969087,"locationURI":"file:\/C:\/workspace\/3_JDBC\/note\/src\/implement\/HandPhone.java"},{"path":"\/JDBC0\/src\/edu\/kh\/jdbc\/ex1","parentWorkspace":"C:\/workspace\/3_JDBC","name":"note.java"},{"path":"\/note\/src\/stack","parentWorkspace":"C:\/workspace\/3_JDBC","name":"ArrayStack.java","lastModified":1716783810066,"locationURI":"file:\/C:\/workspace\/3_JDBC\/note\/src\/stack\/ArrayStack.java"},{"path":"\/member_board\/src\/edu\/kh\/jdbc\/common","parentWorkspace":"C:\/workspace\/3_JDBC","name":"LoadXML.java"},{"path":"\/note\/src\/implement","parentWorkspace":"C:\/workspace\/3_JDBC","name":"Bank.java","lastModified":1716785113782,"locationURI":"file:\/C:\/workspace\/3_JDBC\/note\/src\/implement\/Bank.java"},{"path":"\/JDBC1\/src\/edu\/kh\/jdbc\/model\/dao","parentWorkspace":"C:\/workspace\/3_JDBC","name":"EmployeeDAO.java"},{"path":"\/member_board\/src\/edu\/kh\/jdbc\/common","parentWorkspace":"C:\/workspace\/3_JDBC","name":"JDBCTemplate.java"},{"path":"\/JDBC1\/src\/edu\/kh\/jdbc\/run","parentWorkspace":"C:\/workspace\/3_JDBC","name":"EmployeeRun.java"},{"path":"\/note\/src\/implement","parentWorkspace":"C:\/workspace\/3_JDBC","name":"KakaoBank.java","lastModified":1716785258229,"locationURI":"file:\/C:\/workspace\/3_JDBC\/note\/src\/implement\/KakaoBank.java"},{"path":"\/note\/src\/stack","parentWorkspace":"C:\/workspace\/3_JDBC","name":"StackInterface.java","lastModified":1716781035276,"locationURI":"file:\/C:\/workspace\/3_JDBC\/note\/src\/stack\/StackInterface.java"},{"path":"\/note\/src\/implement","parentWorkspace":"C:\/workspace\/3_JDBC","name":"KBBank.java","lastModified":1716785335362,"locationURI":"file:\/C:\/workspace\/3_JDBC\/note\/src\/implement\/KBBank.java"},{"path":"\/member_board\/src\/edu\/kh\/jdbc\/member\/view","parentWorkspace":"C:\/workspace\/3_JDBC","name":"MemberView.java"},{"path":"\/JDBC0\/src\/edu\/kh\/jdbc\/ex1","parentWorkspace":"C:\/workspace\/3_JDBC","name":"JDBCExample1.java"},{"path":"\/note\/src\/note\/run","parentWorkspace":"C:\/workspace\/3_JDBC","name":"run.java"},{"path":"\/note\/src\/implement","parentWorkspace":"C:\/workspace\/3_JDBC","name":"Main.java","lastModified":1716785947408,"locationURI":"file:\/C:\/workspace\/3_JDBC\/note\/src\/implement\/Main.java"},{"path":"\/member_board\/src\/edu\/kh\/jdbc\/board\/model\/service","parentWorkspace":"C:\/workspace\/3_JDBC","name":"BoardService.java","lastModified":1716856633654},{"path":"\/note\/src\/note","parentWorkspace":"C:\/workspace\/3_JDBC","name":"note2.java","lastModified":1716783798420},{"path":"\/JDBC1\/src\/edu\/kh\/jdbc\/model\/service","parentWorkspace":"C:\/workspace\/3_JDBC","name":"EmployeeService.java"},{"path":"\/member_board","parentWorkspace":"C:\/workspace\/3_JDBC","name":"board-sql.xml","lastModified":1716858832310},{"path":"\/JDBC0\/src\/edu\/kh\/jdbc\/ex1","parentWorkspace":"C:\/workspace\/3_JDBC","name":"note2.java"},{"path":"\/member_board\/src\/edu\/kh\/jdbc\/common","parentWorkspace":"C:\/workspace\/3_JDBC","name":"CreateXML.java"},{"path":"\/member_board\/src\/edu\/kh\/jdbc\/member\/model\/dao","parentWorkspace":"C:\/workspace\/3_JDBC","name":"MemberDAO.java"},{"path":"\/member_board\/src\/edu\/kh\/jdbc\/run","parentWorkspace":"C:\/workspace\/3_JDBC","name":"ProjectRun.java"},{"path":"\/member_board","parentWorkspace":"C:\/workspace\/3_JDBC","name":"member-sql.xml"},{"path":"\/member_board\/src\/edu\/kh\/jdbc\/main\/view","parentWorkspace":"C:\/workspace\/3_JDBC","name":"MainView.java","lastModified":1716855009363},{"path":"\/JDBC1\/src\/edu\/kh\/jdbc\/model\/vo","parentWorkspace":"C:\/workspace\/3_JDBC","name":"Employee.java"},{"path":"\/note\/src\/note\/view","parentWorkspace":"C:\/workspace\/3_JDBC","name":"EmployeeView.java"},{"path":"\/JDBC1\/src\/edu\/kh\/jdbc\/view","parentWorkspace":"C:\/workspace\/3_JDBC","name":"EmployeeView.java"},{"path":"\/member_board\/src\/edu\/kh\/jdbc\/board\/model\/vo","parentWorkspace":"C:\/workspace\/3_JDBC","name":"Board.java","lastModified":1716855516062},{"path":"\/note\/src\/note\/service","parentWorkspace":"C:\/workspace\/3_JDBC","name":"EmployeeService.java"},{"path":"\/note\/src\/implement","parentWorkspace":"C:\/workspace\/3_JDBC","name":"IPhone13.java","lastModified":1716784686026,"locationURI":"file:\/C:\/workspace\/3_JDBC\/note\/src\/implement\/IPhone13.java"}]}