<?xml version="1.0" encoding="UTF-8"?>
<!DOCTYPE properties SYSTEM "http://java.sun.com/dtd/properties.dtd">
<properties>
<comment>board-sql.xml</comment>

	<!-- 대분류 가져오기 -->
	<entry key="getMainCategory">
		SELECT CATEGORY_CODE, CATEGORY_NAME
		FROM CATEGORY
		WHERE PARENT_ID IS NULL
		ORDER BY CATEGORY_CODE
	</entry>
	
	<!-- 소분류 가져오기 -->
	<entry key="getSubCategory">
		SELECT CATEGORY_CODE, CATEGORY_NAME, PARENT_ID
		FROM CATEGORY
		WHERE PARENT_ID = ?
		ORDER BY CATEGORY_CODE
	</entry>
	
	<!-- 클래스 전부 가져오기 -->
	<entry key="getAllClasses">
		SELECT C.*, M.MEMBER_NM
		FROM CLASS C
		JOIN MEMBER M ON C.MEMBER_NO = M.MEMBER_NO
	</entry>
	
	
	<!-- 대분류로 클래스 가져오기 -->
	<entry key="getMainClasses">
		SELECT C.*, M.MEMBER_NM
		FROM CLASS C
		JOIN MEMBER M ON C.MEMBER_NO = M.MEMBER_NO
		WHERE C.CATEGORY_CODE IN (
		    SELECT CATEGORY_CODE
		    FROM CATEGORY
		    WHERE PARENT_ID = ?
		    )
	</entry>
	
	<!-- 소분류로 클래스 가져오기 -->
	<entry key="getClasses">
		SELECT C.*, M.MEMBER_NM
		FROM CLASS C
		JOIN MEMBER M ON C.MEMBER_NO = M.MEMBER_NO
		WHERE CATEGORY_CODE = ?
	</entry>
	
	<!-- 클래스 디테일 페이지 조회 -->
	<entry key="getClass">
		SELECT C.*, M.MEMBER_NM, M.MEMBER_PROFILE, T.CATEGORY_NAME SUB,
		    (SELECT CATEGORY_NAME
		     FROM CATEGORY
		     WHERE CATEGORY_CODE = T.PARENT_ID) AS MAIN
		FROM CLASS C
		JOIN MEMBER M ON M.MEMBER_NO = C.MEMBER_NO
		JOIN CATEGORY T ON C.CATEGORY_CODE = T.CATEGORY_CODE
		WHERE CLASS_NO = ?
	</entry>
	
	<entry key="selectReview">
		SELECT B.BOARD_NO, B.BOARD_TITLE, B.BOARD_CONTENT, TO_CHAR(B.CREATED_DT, 'YY-MM-DD'), TO_CHAR(B.UPDATE_DT, 'YY-MM-DD'), B.BOARD_ST, M.MEMBER_NM, R.REVIEW_STAR, R.CLASS_NO as parents , H.TAG_NAME , (SELECT COUNT(*) FROM REPORT WHERE B.BOARD_NO=BOARD_NO) AS REPORT, (SELECT COUNT(*) FROM THUMBS WHERE B.BOARD_NO=BOARD_NO) AS THUMBS, M.MEMBER_PROFILE, C.CLASS_NAME, INSTRUCTOR.MEMBER_NM AS INSTRUCTOR_NAME , C.CLASS_URL 
		FROM BOARD B
		JOIN REVIEW R ON (B.BOARD_NO=R.BOARD_NO)
		LEFT JOIN HASHTAG H ON (B.BOARD_NO=H.BOARD_NO)
		JOIN MEMBER M ON (B.MEMBER_NO=M.MEMBER_NO)
		JOIN CLASS C ON (R.CLASS_NO = C.CLASS_NO)
		JOIN MEMBER INSTRUCTOR ON (C.MEMBER_NO = INSTRUCTOR.MEMBER_NO)
		WHERE BOARD_CD=2
		AND BOARD_ST=1
	</entry>
	
	<entry key="selectReviewThumbs">
		SELECT B.BOARD_NO, B.BOARD_TITLE, B.BOARD_CONTENT, TO_CHAR(B.CREATED_DT, 'YY-MM-DD'), TO_CHAR(B.UPDATE_DT, 'YY-MM-DD'), B.BOARD_ST, M.MEMBER_NM, R.REVIEW_STAR, R.CLASS_NO as parents , H.TAG_NAME , (SELECT COUNT(*) FROM REPORT WHERE B.BOARD_NO=BOARD_NO) AS REPORT, (SELECT COUNT(*) FROM THUMBS WHERE B.BOARD_NO=BOARD_NO) AS THUMBS, M.MEMBER_PROFILE, C.CLASS_NAME, INSTRUCTOR.MEMBER_NM AS INSTRUCTOR_NAME , C.CLASS_URL 
		FROM BOARD B
		JOIN REVIEW R ON (B.BOARD_NO=R.BOARD_NO)
		LEFT JOIN HASHTAG H ON (B.BOARD_NO=H.BOARD_NO)
		JOIN MEMBER M ON (B.MEMBER_NO=M.MEMBER_NO)
		JOIN CLASS C ON (R.CLASS_NO = C.CLASS_NO)
		JOIN MEMBER INSTRUCTOR ON (C.MEMBER_NO = INSTRUCTOR.MEMBER_NO)
		WHERE BOARD_CD=2
		AND BOARD_ST=1
		ORDER BY THUMBS	
	</entry>


	<entry key="chatting"> 
		SELECT
		    F.MEMBER_NM AS CHAT_FROM_NAME,
		    T.MEMBER_NM AS CHAT_TO_NAME,
		    C.CHAT_MESSAGE,
		    TO_CHAR(C.CHAT_TIMESTAMP, 'MM-DD, HH24:MI:SS')
		FROM
		    CHATTING C
		JOIN
		    MEMBER F ON C.CHAT_FROM = F.MEMBER_NO
		JOIN
		    MEMBER T ON C.CHAT_TO = T.MEMBER_NO
		WHERE F.MEMBER_NM=? AND T.MEMBER_NM=?
		OR T.MEMBER_NM=? AND F.MEMBER_NM=?
		ORDER BY
		    C.CHAT_TIMESTAMP
	</entry>
	
	<entry key ="myLecture">
		SELECT C.CLASS_NO , C.CLASS_NAME 
		FROM PAID P 
		JOIN CLASS C ON (P.CLASS_NO=C.CLASS_NO)
		WHERE P.MEMBER_NO=?
	</entry>
	
	<entry key ="writeBoard">
		INSERT INTO BOARD VALUES (SEQ_BOARD_NO.NEXTVAL, ?, ?, SYSDATE, DEFAULT, DEFAULT, 1, ?, 2)
	</entry>
	
	<entry key="writeReview">
		INSERT INTO REVIEW VALUES (SEQ_BOARD_NO.CURRVAL, ?, ?)
	</entry>
	
	<entry key="writeTag">
		INSERT INTO HASHTAG VALUES (SEQ_TAG_NO.NEXTVAL, ?, NULL, SEQ_BOARD_NO.CURRVAL)
	</entry>
	
	<entry key="updateForm">
		SELECT B.BOARD_NO, B.BOARD_TITLE, B.BOARD_CONTENT, TO_CHAR(B.CREATED_DT, 'YY-MM-DD'), TO_CHAR(B.UPDATE_DT, 'YY-MM-DD'), B.BOARD_ST, M.MEMBER_NM, R.REVIEW_STAR, R.CLASS_NO as parents , H.TAG_NAME , (SELECT COUNT(*) FROM REPORT R WHERE B.BOARD_NO=R.BOARD_NO) AS REPORT, (SELECT COUNT(*) FROM THUMBS T WHERE B.BOARD_NO=T.BOARD_NO) AS THUMBS, M.MEMBER_PROFILE, C.CLASS_NAME, INSTRUCTOR.MEMBER_NM AS INSTRUCTOR_NAME , C.CLASS_URL 
		FROM BOARD B
		JOIN REVIEW R ON (B.BOARD_NO=R.BOARD_NO)
		LEFT JOIN HASHTAG H ON (B.BOARD_NO=H.BOARD_NO)
		JOIN MEMBER M ON (B.MEMBER_NO=M.MEMBER_NO)
		JOIN CLASS C ON (R.CLASS_NO = C.CLASS_NO)
		JOIN MEMBER INSTRUCTOR ON (C.MEMBER_NO = INSTRUCTOR.MEMBER_NO)
		WHERE BOARD_CD=2
		AND BOARD_ST=1
		AND B.BOARD_NO=?
	</entry>
	
	<entry key="updateBoard">
		UPDATE BOARD
		SET (BOARD_TITLE, BOARD_CONTENT, UPDATE_DT) = 
		    (SELECT ?, ?, SYSDATE 
		     FROM MEMBER 
		     WHERE MEMBER.MEMBER_NO = BOARD.MEMBER_NO)
		WHERE BOARD_NO = ?
		  AND EXISTS (SELECT 1 
		              FROM MEMBER 
		              WHERE MEMBER.MEMBER_NO = BOARD.MEMBER_NO)	
	</entry>
		
	<entry key="updateReview">
		UPDATE REVIEW
		SET REVIEW_STAR=?
		WHERE BOARD_NO=?
	</entry>
		
	<entry key="updateTag">
		UPDATE HASHTAG
		SET TAG_NAME = ?
		WHERE BOARD_NO=?
	</entry>
	
	<entry key="deleteReview">
		UPDATE BOARD SET BOARD_ST=2 WHERE BOARD_NO = ?
	</entry>
	
</properties>
