<?xml version="1.0" encoding="UTF-8"?>
<!DOCTYPE properties SYSTEM "http://java.sun.com/dtd/properties.dtd">

<properties>
<comment>woder-sql.xml</comment>


<!-- 자유게시판 목록 조회 -->
<entry key="selectlistFree">
SELECT * FROM (
    SELECT 
        BOARD_NO,
        BOARD_TITLE,
        BOARD_CONTENT,
        TO_CHAR(CREATED_DT, 'YYYY-MM-DD') AS CREATED_DT,
        READ_COUNT,
        MEMBER_NM,
        QA_STATUS,
        WONDER_TYPE,
        LISTAGG(TAG_NAME, ', ') WITHIN GROUP (ORDER BY TAG_NAME) AS TAG_NAMES,
        ROW_NUMBER() OVER (ORDER BY CREATED_DT DESC) AS ROW_NUM
    FROM BOARD
    JOIN WONDER_BOARD USING(BOARD_NO)
    JOIN MEMBER USING(MEMBER_NO)
    left JOIN HASHTAG USING(BOARD_NO)
    WHERE BOARD_CD = '3'
    GROUP BY BOARD_NO, BOARD_TITLE, BOARD_CONTENT, CREATED_DT, READ_COUNT, MEMBER_NM, QA_STATUS, WONDER_TYPE
)
WHERE ROW_NUM BETWEEN ? AND ?
ORDER BY CREATED_DT DESC
</entry>

<entry key="boardDetail">
SELECT BOARD_NO, BOARD_TITLE, BOARD_CONTENT, CREATED_DT, MEMBER_NM,QA_STATUS FROM BOARD
JOIN MEMBER USING(MEMBER_NO)
JOIN WONDER_BOARD USING(BOARD_NO)
WHERE BOARD_CD = 3 AND BOARD_NO=?
</entry>

<entry key="boardWirte">
INSERT INTO BOARD (
                BOARD_NO,              
                BOARD_TITLE,                 
                BOARD_CONTENT,               
                CREATED_DT,                  
                UPDATE_DT,                  
                READ_COUNT,                  
                BOARD_ST,                  
                MEMBER_NO,                  
                BOARD_CD) VALUES (
                SEQ_board_no.NEXTVAL,
                ?,
                ?,
                DEFAULT, DEFAULT, DEFAULT, DEFAULT, ?, 3)
</entry>

<entry key="boardWirte2">
INSERT INTO WONDER_BOARD (
    BOARD_NO,
    QA_STATUS,
    WONDER_TYPE
) VALUES (
    SEQ_board_no.CURRVAL,  
    'N',                 
    '자유 궁금증'          
)
</entry>
</properties>


