<?xml version="1.0" encoding="UTF-8"?>
<section name="Workbench">
	<section name="NewWizardAction">
		<item key="NewWizardSelectionPage.STORE_SELECTED_ID" value="org.eclipse.jdt.ui.wizards.NewClassCreationWizard"/>
		<list key="NewWizardSelectionPage.STORE_EXPANDED_CATEGORIES_ID">
			<item value="org.eclipse.jdt.ui.java"/>
			<item value="org.eclipse.jpt.jaxb"/>
		</list>
	</section>
	<section name="org.eclipse.ui.preferences.keysPreferencePage">
		<item key="actionSetFilter" value="true"/>
		<item key="internalFilter" value="true"/>
		<item key="uncategorizedFilter" value="true"/>
	</section>
	<section name="ImportExportAction">
		<item key="ImportExportPage.STORE_SELECTED_IMPORT_WIZARD_ID" value="org.eclipse.egit.ui.internal.clone.GitCloneWizard"/>
		<list key="ImportExportPage.STORE_EXPANDED_IMPORT_CATEGORIES">
			<item value="org.eclipse.egit.ui.internal.clone.gitclonecategory"/>
		</list>
	</section>
</section>
