<?xml version="1.0" encoding="UTF-8"?>
<section name="Workbench">
	<section name="NewWizardAction">
		<item key="NewWizardSelectionPage.STORE_SELECTED_ID" value="org.eclipse.jdt.ui.wizards.NewClassCreationWizard"/>
		<list key="NewWizardSelectionPage.STORE_EXPANDED_CATEGORIES_ID">
			<item value="org.eclipse.ui.Basic"/>
			<item value="org.eclipse.datatools.connectivity"/>
			<item value="org.eclipse.emf.codegen.ecore.ui.wizardCategory"/>
			<item value="org.eclipse.emf.codegen.ecore.ui.wizardCategory/org.eclipse.emf.codegen.ecore.ui.mappingWizardCategory"/>
			<item value="org.eclipse.jst.ejb.ui"/>
			<item value="org.eclipse.egit.ui.wizardCategory"/>
			<item value="org.eclipse.buildship.ui.creationwizards"/>
			<item value="org.eclipse.jdt.ui.java"/>
			<item value="org.eclipse.jdt.ui.java/org.eclipse.jdt.debug.ui.java"/>
			<item value="org.eclipse.jdt.ui.java/org.eclipse.jdt.junit"/>
			<item value="org.eclipse.jst.j2ee.internal"/>
			<item value="org.eclipse.emf.codegen.ui.JETNewWizards"/>
			<item value="org.eclipse.wst.jsdt.ui.java"/>
			<item value="org.eclipse.jpt.jaxb"/>
			<item value="org.eclipse.jpt.jaxb/org.eclipse.jpt.jaxb.eclipselink"/>
			<item value="org.eclipse.jpt.jpa"/>
			<item value="org.eclipse.jpt.jpa/org.eclipse.jpt.jpa.eclipselink"/>
			<item value="org.eclipse.m2e"/>
			<item value="org.eclipse.oomph"/>
			<item value="org.eclipse.pde.PDE"/>
			<item value="org.eclipse.datatools.sql"/>
			<item value="org.eclipse.pde.userAssistance"/>
			<item value="org.eclipse.wst.web.ui"/>
			<item value="org.eclipse.jst.ws.ui.new"/>
			<item value="org.eclipse.jst.ws.ui.new/org.eclipse.jst.ws.jaxws.ui.wizards.category"/>
			<item value="org.eclipse.wst.XMLCategory"/>
			<item value="org.eclipse.ui.Examples"/>
		</list>
	</section>
	<section name="ImportExportAction">
		<item key="ImportExportPage.STORE_SELECTED_EXPORT_WIZARD_ID" value="org.eclipse.ui.wizards.export.ZipFile"/>
		<item key="ImportExportPage.STORE_SELECTED_IMPORT_WIZARD_ID" value="org.eclipse.ui.wizards.import.ExternalProject"/>
		<list key="ImportExportPage.STORE_EXPANDED_EXPORT_CATEGORIES">
			<item value="org.eclipse.ui.Basic"/>
		</list>
		<list key="ImportExportPage.STORE_EXPANDED_IMPORT_CATEGORIES">
			<item value="org.eclipse.ui.Basic"/>
		</list>
	</section>
	<section name="ZipFileExportWizard">
		<item key="WizardZipFileResourceExportPage1.STORE_CREATE_STRUCTURE_ID" value="true"/>
		<item key="WizardZipFileResourceExportPage1.STORE_COMPRESS_CONTENTS_ID" value="true"/>
		<list key="WizardZipFileResourceExportPage1.STORE_DESTINATION_NAMES_ID">
			<item value="C:\Users\user1\Desktop\240501.zip"/>
			<item value="C:\Users\user1\Desktop\240430.zip"/>
			<item value="C:\Users\user1\Desktop\자료\240429.zip"/>
			<item value="C:\Users\user1\Desktop\자료\240426.zip"/>
			<item value="C:\Users\user1\Desktop\자료\240425.zip"/>
			<item value="C:\Users\user1\Desktop\자료\240424.zip"/>
			<item value="C:\Users\user1\Desktop\자료\240423.zip"/>
			<item value="C:\Users\user1\Desktop\자료\240419.zip"/>
			<item value="C:\Users\user1\Desktop\자료\240417.zip"/>
			<item value="C:\Users\user1\Desktop\자료\240416.zip"/>
		</list>
	</section>
	<section name="FileSystemExportWizard">
		<item key="WizardFileSystemResourceExportPage1.STORE_OVERWRITE_EXISTING_FILES_ID" value="false"/>
		<item key="WizardFileSystemResourceExportPage1.STORE_CREATE_STRUCTURE_ID" value="false"/>
		<item key="WizardFileSystemResourceExportPage1.STORE_RESOLVE_LINKED_RESOURCES_ID" value="false"/>
		<list key="WizardFileSystemResourceExportPage1.STORE_DESTINATION_NAMES_ID">
			<item value="C:\Users\user1\Desktop\자료"/>
		</list>
	</section>
	<section name="ZipFileImportWizard">
	</section>
	<section name="FileSystemImportWizard">
		<item key="WizardFileSystemResourceImportPage1.STORE_OVERWRITE_EXISTING_RESOURCES_ID" value="false"/>
		<item key="WizardFileSystemResourceImportPage1.STORE_CREATE_CONTAINER_STRUCTURE_ID" value="false"/>
		<list key="WizardFileSystemResourceImportPage1.STORE_SOURCE_NAMES_ID">
			<item value="C:\Users\user1\Desktop\240501\08_inheritance"/>
		</list>
	</section>
</section>
