<?xml version="1.0" encoding="UTF-8"?>
<section name="Workbench">
	<section name="org.eclipse.ui.dialogs.FilteredResourcesSelectionDialog">
		<item key="ShowStatusLine" value="true"/>
		<item key="History" value="&lt;?xml version=&quot;1.0&quot; encoding=&quot;UTF-8&quot;?&gt;&#x0D;&#x0A;&lt;History&gt;&#x0D;&#x0A;&lt;historyRootNode/&gt;&#x0D;&#x0A;&lt;/History&gt;"/>
		<item key="ShowDerived" value="false"/>
		<item key="FilterByLocation" value="false"/>
		<item key="WorkingSet" value="&lt;?xml version=&quot;1.0&quot; encoding=&quot;UTF-8&quot;?&gt;&#x0D;&#x0A;&lt;workingSet workingSetName=&quot;&quot;/&gt;"/>
		<section name="DialogBoundsSettings">
			<item key="DIALOG_HEIGHT" value="500"/>
			<item key="DIALOG_WIDTH" value="600"/>
			<item key="DIALOG_X_ORIGIN" value="187"/>
			<item key="DIALOG_Y_ORIGIN" value="190"/>
			<item key="DIALOG_FONT_NAME" value="1|맑은 고딕|9.0|0|WINDOWS|1|-12|0|0|0|400|0|0|0|1|0|0|0|0|맑은 고딕"/>
		</section>
	</section>
	<section name="NewWizardAction">
		<item key="NewWizardSelectionPage.STORE_SELECTED_ID" value="org.eclipse.jdt.ui.wizards.JavaProjectWizard"/>
		<list key="NewWizardSelectionPage.STORE_EXPANDED_CATEGORIES_ID">
		</list>
	</section>
	<section name="ResourceNavigator">
		<item key="ResourceViewer.STORE_SORT_TYPE" value="1"/>
		<item key="ResourceWorkingSetFilter.STORE_WORKING_SET" value="Aggregate for window 1716167633196"/>
	</section>
</section>
