{"lastUsed":1718595688802,"path":"C:\/workspace\/1_java","projectCount":17,"recentFiles":[{"path":"\/09_polymorphism\/src\/edu\/kh\/poly\/ex1\/run","parentWorkspace":"C:\/workspace\/1_java","name":"PolyRun.java"},{"path":"\/07_objectArray\/src\/edu\/kh\/objarray\/practice\/model\/service","parentWorkspace":"C:\/workspace\/1_java","name":"PracticeService.java"},{"path":"\/10_exception\/src\/edu\/kh\/exception\/model\/service","parentWorkspace":"C:\/workspace\/1_java","name":"ExceptionService.java"},{"path":"\/10_exception\/src\/edu\/kh\/exception\/run","parentWorkspace":"C:\/workspace\/1_java","name":"ExceptionRun.java"},{"path":"\/08_inheritance\/src\/edu\/kh\/inheritance\/model\/vo","parentWorkspace":"C:\/workspace\/1_java","name":"Student.java"},{"path":"\/08_inheritance\/src\/com\/kh\/practice\/point\/view","parentWorkspace":"C:\/workspace\/1_java","name":"PointMenu.java"},{"path":"\/08_inheritance\/src\/edu\/kh\/inheritance\/practice\/model\/service","parentWorkspace":"C:\/workspace\/1_java","name":"PracticeService.java"},{"path":"\/UpDownGame\/src\/kh\/edu\/updown\/model\/service","parentWorkspace":"C:\/workspace\/1_java","name":"MainService.java"},{"path":"\/09_polymorphism\/src\/edu\/kh\/poly\/ex1\/model\/vo","parentWorkspace":"C:\/workspace\/1_java","name":"Spark.java"},{"path":"\/08_inheritance\/src\/edu\/kh\/inheritance\/practice\/model\/vo","parentWorkspace":"C:\/workspace\/1_java","name":"Person.java"},{"path":"\/UpDownGame\/src\/kh\/edu\/updown\/model\/vo","parentWorkspace":"C:\/workspace\/1_java","name":"Member.java"},{"path":"\/UpDownGame\/src\/kh\/edu\/updown\/collection\/model\/service","parentWorkspace":"C:\/workspace\/1_java","name":"MainService.java"},{"path":"\/13_network\/src\/edu\/kh\/network\/model\/service","parentWorkspace":"C:\/workspace\/1_java","name":"TCPClient.java","lastModified":1718595530293},{"path":"\/09_polymorphism\/src\/edu\/kh\/poly\/ex2\/model\/service","parentWorkspace":"C:\/workspace\/1_java","name":"AbstractService.java"},{"path":"\/11_collection\/src\/edu\/kh\/collection\/model\/vo","parentWorkspace":"C:\/workspace\/1_java","name":"Member.java"},{"path":"\/09_polymorphism\/src\/edu\/kh\/poly\/ex2\/model\/service","parentWorkspace":"C:\/workspace\/1_java","name":"HGHCalculator.java"},{"path":"\/11_collection\/src\/edu\/kh\/collection\/model\/service","parentWorkspace":"C:\/workspace\/1_java","name":"StudentService.java","lastModified":1718595530292},{"path":"\/11_collection\/src\/edu\/kh\/collection\/model\/service","parentWorkspace":"C:\/workspace\/1_java","name":"SetService.java"},{"path":"\/99_note\/src\/example","parentWorkspace":"C:\/workspace\/1_java","name":"Array.java"},{"path":"\/08_inheritance\/src\/com\/kh\/practice\/model\/vo","parentWorkspace":"C:\/workspace\/1_java","name":"Circle.java"},{"path":"\/10_exception\/src\/edu\/kh\/exception\/model\/vo","parentWorkspace":"C:\/workspace\/1_java","name":"Parent.java"},{"path":"\/08_inheritance\/src\/edu\/kh\/inheritance\/practice\/model\/vo","parentWorkspace":"C:\/workspace\/1_java","name":"Student.java"},{"path":"\/08_inheritance\/src\/com\/kh\/practice\/model\/vo","parentWorkspace":"C:\/workspace\/1_java","name":"Point.java"},{"path":"\/09_polymorphism\/src\/edu\/kh\/poly\/ex2\/model\/vo","parentWorkspace":"C:\/workspace\/1_java","name":"Person.java"},{"path":"\/06_OOP\/src\/edu\/kh\/oop\/practice\/model\/service","parentWorkspace":"C:\/workspace\/1_java","name":"BookService.java"},{"path":"\/08_inheritance\/src\/edu\/kh\/inheritance\/practice\/run","parentWorkspace":"C:\/workspace\/1_java","name":"PracticeRun.java"},{"path":"\/07_objectArray\/src\/edu\/kh\/oarr\/model\/service","parentWorkspace":"C:\/workspace\/1_java","name":"MemberService.java"},{"path":"\/13_network\/src\/edu\/kh\/network\/model\/service","parentWorkspace":"C:\/workspace\/1_java","name":"TCPServer.java"},{"path":"\/13_network\/src\/edu\/kh\/network\/run","parentWorkspace":"C:\/workspace\/1_java","name":"ClientRun.java"},{"path":"\/08_inheritance\/src\/com\/kh\/practice\/point\/controller","parentWorkspace":"C:\/workspace\/1_java","name":"CircleController.java"},{"path":"\/11_collection\/src\/edu\/kh\/collection\/run","parentWorkspace":"C:\/workspace\/1_java","name":"StudentRun.java"},{"path":"\/99_note\/src\/example","parentWorkspace":"C:\/workspace\/1_java","name":"network.java"},{"path":"\/09_polymorphism\/src\/edu\/kh\/poly\/ex2\/model\/vo","parentWorkspace":"C:\/workspace\/1_java","name":"Fish.java"},{"path":"\/13_network\/src\/edu\/kh\/network\/run","parentWorkspace":"C:\/workspace\/1_java","name":"ServerRun.java"},{"path":"\/09_polymorphism\/src\/edu\/kh\/poly\/ex1\/model\/service","parentWorkspace":"C:\/workspace\/1_java","name":"PolyService.java"},{"path":"\/UpDownGame\/src\/kh\/edu\/updown\/collection\/model\/service","parentWorkspace":"C:\/workspace\/1_java","name":"LoginService.java"},{"path":"\/11_collection\/src\/edu\/kh\/collection\/run","parentWorkspace":"C:\/workspace\/1_java","name":"MapRun.java"},{"path":"\/08_inheritance\/src\/com\/kh\/practice\/model\/vo","parentWorkspace":"C:\/workspace\/1_java","name":"Rectangle.java"},{"path":"\/09_polymorphism\/src\/edu\/kh\/poly\/ex2\/model\/service","parentWorkspace":"C:\/workspace\/1_java","name":"Calculator.java"},{"path":"\/01_variable\/src\/edu\/kh\/variable\/practice","parentWorkspace":"C:\/workspace\/1_java","name":"CastingPractice.java"},{"path":"\/99_note\/src\/example","parentWorkspace":"C:\/workspace\/1_java","name":"Student.java","lastModified":1718595530293},{"path":"\/07_objectArray\/src\/edu\/kh\/objarray\/practice\/model\/vo","parentWorkspace":"C:\/workspace\/1_java","name":"Student.java"},{"path":"\/06_OOP\/src\/edu\/kh\/oop\/practice\/model\/vo","parentWorkspace":"C:\/workspace\/1_java","name":"Book.java"},{"path":"\/99_note\/src\/baseball","parentWorkspace":"C:\/workspace\/1_java","name":"member.java"},{"path":"\/99_note\/src\/example","parentWorkspace":"C:\/workspace\/1_java","name":"forExam.java","lastModified":1718595530293},{"path":"\/09_polymorphism\/src\/edu\/kh\/poly\/ex1\/model\/vo","parentWorkspace":"C:\/workspace\/1_java","name":"Car.java"},{"path":"\/11_collection\/src\/edu\/kh\/collection\/model\/vo","parentWorkspace":"C:\/workspace\/1_java","name":"Student.java"},{"path":"\/11_collection\/src\/edu\/kh\/collection\/run","parentWorkspace":"C:\/workspace\/1_java","name":"SetRun.java"},{"path":"\/07_objectArray\/src\/edu\/kh\/oarr\/practice\/model\/service","parentWorkspace":"C:\/workspace\/1_java","name":"EmployeeService.java"},{"path":"\/09_polymorphism\/src\/edu\/kh\/poly\/ex2\/run","parentWorkspace":"C:\/workspace\/1_java","name":"AbstractRun.java"},{"path":"\/05_array2\/src\/edu\/kh\/array2\/practice","parentWorkspace":"C:\/workspace\/1_java","name":"Array2Practice.java"},{"path":"\/99_note\/src\/baseball","parentWorkspace":"C:\/workspace\/1_java","name":"run.java"},{"path":"\/12_IO\/src\/edu\/kh\/io\/model\/vo","parentWorkspace":"C:\/workspace\/1_java","name":"Student.java"},{"path":"\/10_exception\/src\/edu\/kh\/exception\/test","parentWorkspace":"C:\/workspace\/1_java","name":"ExceptionTest.java"},{"path":"\/12_IO","parentWorkspace":"C:\/workspace\/1_java","name":"test1.txt"},{"path":"\/09_polymorphism\/src\/edu\/kh\/poly\/ex2\/model\/vo","parentWorkspace":"C:\/workspace\/1_java","name":"Animal.java"},{"path":"\/UpDownGame\/src\/kh\/edu\/updown\/run","parentWorkspace":"C:\/workspace\/1_java","name":"UpDownRun.java"},{"path":"\/03_contrl\/src\/edu\/kh\/control\/pracitce","parentWorkspace":"C:\/workspace\/1_java","name":"LoopPractice.java"},{"path":"\/07_objectArray\/src\/edu\/kh\/oarr\/model\/vo","parentWorkspace":"C:\/workspace\/1_java","name":"Member.java"},{"path":"\/08_inheritance\/src\/edu\/kh\/inheritance\/practice\/model\/vo","parentWorkspace":"C:\/workspace\/1_java","name":"Employee.java"},{"path":"\/99_note\/src\/baseball","parentWorkspace":"C:\/workspace\/1_java","name":"service.java"},{"path":"\/12_IO\/src\/edu\/kh\/io\/run","parentWorkspace":"C:\/workspace\/1_java","name":"IORun.java"},{"path":"\/99_note\/src\/example","parentWorkspace":"C:\/workspace\/1_java","name":"control.java"},{"path":"\/99_note\/src\/baseball","parentWorkspace":"C:\/workspace\/1_java","name":"vo.java"},{"path":"\/UpDownGame\/src\/kh\/edu\/updown\/model\/service","parentWorkspace":"C:\/workspace\/1_java","name":"LoginService.java"},{"path":"\/02_operator\/src\/edu\/kh\/op\/practice","parentWorkspace":"C:\/workspace\/1_java","name":"OpPractice.java"},{"path":"\/12_IO\/src\/edu\/kh\/io\/model\/service","parentWorkspace":"C:\/workspace\/1_java","name":"IOService.java","lastModified":1718595530293},{"path":"\/08_inheritance\/src\/edu\/kh\/inheritance\/model\/service","parentWorkspace":"C:\/workspace\/1_java","name":"inheritanceService.java"},{"path":"\/03_contrl\/src\/edu\/kh\/control\/pracitce","parentWorkspace":"C:\/workspace\/1_java","name":"ConditionPractice.java"},{"path":"\/10_exception\/src\/edu\/kh\/exception\/model\/vo","parentWorkspace":"C:\/workspace\/1_java","name":"Child.java"},{"path":"\/09_polymorphism\/src\/edu\/kh\/poly\/ex2\/model\/service","parentWorkspace":"C:\/workspace\/1_java","name":"KSYCalculator.java"},{"path":"\/UpDownGame\/bin\/kh\/edu\/updown\/model\/service","parentWorkspace":"C:\/workspace\/1_java","name":"LoginService.class"},{"path":"\/04_array\/src\/edu\/kh\/array\/practice","parentWorkspace":"C:\/workspace\/1_java","name":"ArrayPractice.java"},{"path":"\/12_IO\/object","parentWorkspace":"C:\/workspace\/1_java","name":"Student.txt"},{"path":"\/11_collection\/src\/edu\/kh\/collection\/model\/service","parentWorkspace":"C:\/workspace\/1_java","name":"MapService.java"},{"path":"\/07_objectArray\/src\/edu\/kh\/objarray\/practice\/model\/service","parentWorkspace":"C:\/workspace\/1_java","name":"PracticeService2.java"}]}