{"lastUsed":1720769036438,"path":"C:\/workspace\/5_Server","projectCount":4,"recentFiles":[{"path":"\/JSPProject\/src\/main\/java\/edu\/kh\/jsp\/controller","parentWorkspace":"C:\/workspace\/5_Server","name":"chickenOrder.java","lastModified":1719361228803,"locationURI":"file:\/C:\/workspace\/5_Server\/JSPProject\/src\/main\/java\/edu\/kh\/jsp\/controller\/chickenOrder.java"},{"path":"\/JSPProject\/src\/main\/java\/edu\/kh\/jsp\/model\/vo","parentWorkspace":"C:\/workspace\/5_Server","name":"Member.java","lastModified":1719365164589,"locationURI":"file:\/C:\/workspace\/5_Server\/JSPProject\/src\/main\/java\/edu\/kh\/jsp\/model\/vo\/Member.java"},{"path":"\/JSPProject\/src\/main\/java\/edu\/kh\/jsp\/controller","parentWorkspace":"C:\/workspace\/5_Server","name":"SignUpServlet.java","lastModified":1719210556495,"locationURI":"file:\/C:\/workspace\/5_Server\/JSPProject\/src\/main\/java\/edu\/kh\/jsp\/controller\/SignUpServlet.java"},{"path":"\/JSPProject\/src\/main\/java\/edu\/kh\/jsp\/model\/service","parentWorkspace":"C:\/workspace\/5_Server","name":"MemberService.java","lastModified":1719366101467,"locationURI":"file:\/C:\/workspace\/5_Server\/JSPProject\/src\/main\/java\/edu\/kh\/jsp\/model\/service\/MemberService.java"},{"path":"\/community\/src\/main\/java\/edu\/kh\/community\/member\/model\/vo","parentWorkspace":"C:\/workspace\/5_Server","name":"Member.java","lastModified":1720052471967,"locationURI":"file:\/C:\/workspace\/5_Server\/community\/src\/main\/java\/edu\/kh\/community\/member\/model\/vo\/Member.java"},{"path":"\/community\/src\/main\/java\/edu\/kh\/community\/common","parentWorkspace":"C:\/workspace\/5_Server","name":"JDBCTemplate.java","lastModified":1719540697432,"locationURI":"file:\/C:\/workspace\/5_Server\/community\/src\/main\/java\/edu\/kh\/community\/common\/JDBCTemplate.java"},{"path":"\/ServletProject1\/src\/main\/java\/edu\/kh\/servlet","parentWorkspace":"C:\/workspace\/5_Server","name":"ServletEx2.java","lastModified":1718861003105,"locationURI":"file:\/C:\/workspace\/5_Server\/ServletProject1\/src\/main\/java\/edu\/kh\/servlet\/ServletEx2.java"},{"path":"\/ServletProject1\/src\/main\/webapp","parentWorkspace":"C:\/workspace\/5_Server","name":"index.html","lastModified":1718929143580,"locationURI":"file:\/C:\/workspace\/5_Server\/ServletProject1\/src\/main\/webapp\/index.html"},{"path":"\/community\/src\/main\/java\/edu\/kh\/community\/member\/model\/service","parentWorkspace":"C:\/workspace\/5_Server","name":"MemberService.java","lastModified":1720400716653,"locationURI":"file:\/C:\/workspace\/5_Server\/community\/src\/main\/java\/edu\/kh\/community\/member\/model\/service\/MemberService.java"},{"path":"\/JSPProject\/talent-four\/src\/main\/java\/talentFour\/category\/controller","parentWorkspace":"C:\/workspace\/5_Server","name":"categoryPageServlet.java","lastModified":1720683974095,"locationURI":"file:\/C:\/workspace\/5_Server\/JSPProject\/talent-four\/src\/main\/java\/talentFour\/category\/controller\/categoryPageServlet.java"},{"path":"\/community\/src\/main\/java\/edu\/kh\/community\/member\/controller","parentWorkspace":"C:\/workspace\/5_Server","name":"MyPageSecessionServlet.java","lastModified":1720082564199,"locationURI":"file:\/C:\/workspace\/5_Server\/community\/src\/main\/java\/edu\/kh\/community\/member\/controller\/MyPageSecessionServlet.java"},{"path":"\/community\/src\/main\/java\/edu\/kh\/community\/member\/controller","parentWorkspace":"C:\/workspace\/5_Server","name":"nicknameDupCheck.java","lastModified":1720148915325,"locationURI":"file:\/C:\/workspace\/5_Server\/community\/src\/main\/java\/edu\/kh\/community\/member\/controller\/nicknameDupCheck.java"},{"path":"\/community\/src\/main\/java\/edu\/kh\/community\/board\/model\/vo","parentWorkspace":"C:\/workspace\/5_Server","name":"BoardDetail.java","lastModified":1720578951187,"locationURI":"file:\/C:\/workspace\/5_Server\/community\/src\/main\/java\/edu\/kh\/community\/board\/model\/vo\/BoardDetail.java"},{"path":"\/community\/src\/main\/webapp\/WEB-INF\/views\/common","parentWorkspace":"C:\/workspace\/5_Server","name":"header.jsp","lastModified":1719881368629,"locationURI":"file:\/C:\/workspace\/5_Server\/community\/src\/main\/webapp\/WEB-INF\/views\/common\/header.jsp"},{"path":"\/JSPProject\/src\/main\/java\/edu\/kh\/jsp\/controller","parentWorkspace":"C:\/workspace\/5_Server","name":"LoginServlet.java","lastModified":1718934106014,"locationURI":"file:\/C:\/workspace\/5_Server\/JSPProject\/src\/main\/java\/edu\/kh\/jsp\/controller\/LoginServlet.java"},{"path":"\/JSPProject\/src\/main\/webapp\/WEB-INF\/views","parentWorkspace":"C:\/workspace\/5_Server","name":"signUpResult.jsp","lastModified":1719216226095,"locationURI":"file:\/C:\/workspace\/5_Server\/JSPProject\/src\/main\/webapp\/WEB-INF\/views\/signUpResult.jsp"},{"path":"\/community\/src\/main\/webapp\/WEB-INF\/views\/member","parentWorkspace":"C:\/workspace\/5_Server","name":"myPage-secession.jsp","lastModified":1719987174843,"locationURI":"file:\/C:\/workspace\/5_Server\/community\/src\/main\/webapp\/WEB-INF\/views\/member\/myPage-secession.jsp"},{"path":"\/Servers\/JSP Server-config","parentWorkspace":"C:\/workspace\/5_Server","name":"context.xml","lastModified":1718939907434,"locationURI":"file:\/C:\/workspace\/5_Server\/Servers\/JSP%20Server-config\/context.xml"},{"path":"\/JSPProject\/src\/main\/webapp","parentWorkspace":"C:\/workspace\/5_Server","name":"index.html","lastModified":1719206085235,"locationURI":"file:\/C:\/workspace\/5_Server\/JSPProject\/src\/main\/webapp\/index.html"},{"path":"\/Servers\/community server-config","parentWorkspace":"C:\/workspace\/5_Server","name":"server.xml","lastModified":1720742846193,"locationURI":"file:\/C:\/workspace\/5_Server\/Servers\/community%20server-config\/server.xml"},{"path":"\/Servers\/community server-config","parentWorkspace":"C:\/workspace\/5_Server","name":"context.xml","lastModified":1720742789997,"locationURI":"file:\/C:\/workspace\/5_Server\/Servers\/community%20server-config\/context.xml"},{"path":"\/community\/src\/main\/webapp\/WEB-INF\/views\/member","parentWorkspace":"C:\/workspace\/5_Server","name":"myPage-info.jsp","lastModified":1719896832745,"locationURI":"file:\/C:\/workspace\/5_Server\/community\/src\/main\/webapp\/WEB-INF\/views\/member\/myPage-info.jsp"},{"path":"\/community\/src\/main\/java\/edu\/kh\/community\/board\/model\/vo","parentWorkspace":"C:\/workspace\/5_Server","name":"Pagination.java","lastModified":1720572516986,"locationURI":"file:\/C:\/workspace\/5_Server\/community\/src\/main\/java\/edu\/kh\/community\/board\/model\/vo\/Pagination.java"},{"path":"\/JSPProject\/src\/main\/webapp\/WEB-INF","parentWorkspace":"C:\/workspace\/5_Server","name":"web.xml","lastModified":1718929414776,"locationURI":"file:\/C:\/workspace\/5_Server\/JSPProject\/src\/main\/webapp\/WEB-INF\/web.xml"},{"path":"\/JSPProject\/src\/main\/java\/edu\/kh\/jsp\/controller","parentWorkspace":"C:\/workspace\/5_Server","name":"pizzaOrderServlet.java","lastModified":1718948517557,"locationURI":"file:\/C:\/workspace\/5_Server\/JSPProject\/src\/main\/java\/edu\/kh\/jsp\/controller\/pizzaOrderServlet.java"},{"path":"\/JSPProject\/src\/main\/java\/edu\/kh\/jsp\/controller","parentWorkspace":"C:\/workspace\/5_Server","name":"ELResultServlet.java","lastModified":1719279243569,"locationURI":"file:\/C:\/workspace\/5_Server\/JSPProject\/src\/main\/java\/edu\/kh\/jsp\/controller\/ELResultServlet.java"},{"path":"\/ServletProject1\/src\/main\/java\/edu\/kh\/servlet","parentWorkspace":"C:\/workspace\/5_Server","name":"ServletEx3.java","lastModified":1718867966637,"locationURI":"file:\/C:\/workspace\/5_Server\/ServletProject1\/src\/main\/java\/edu\/kh\/servlet\/ServletEx3.java"},{"path":"\/JSPProject\/src\/main\/webapp","parentWorkspace":"C:\/workspace\/5_Server","name":"jstl_2.jsp","lastModified":1719299747117,"locationURI":"file:\/C:\/workspace\/5_Server\/JSPProject\/src\/main\/webapp\/jstl_2.jsp"},{"path":"\/community\/src\/main\/java\/edu\/kh\/community\/common\/wrapper","parentWorkspace":"C:\/workspace\/5_Server","name":"EncryptWrapper.java","lastModified":1720421298924,"locationURI":"file:\/C:\/workspace\/5_Server\/community\/src\/main\/java\/edu\/kh\/community\/common\/wrapper\/EncryptWrapper.java"},{"path":"\/ServletProject1\/src\/main\/java\/edu\/kh\/servlet","parentWorkspace":"C:\/workspace\/5_Server","name":"ServletEx1.java","lastModified":1718860596134,"locationURI":"file:\/C:\/workspace\/5_Server\/ServletProject1\/src\/main\/java\/edu\/kh\/servlet\/ServletEx1.java"},{"path":"\/JSPProject\/src\/main\/webapp\/WEB-INF\/views","parentWorkspace":"C:\/workspace\/5_Server","name":"chickenOrder.jsp","lastModified":1718941342471,"locationURI":"file:\/C:\/workspace\/5_Server\/JSPProject\/src\/main\/webapp\/WEB-INF\/views\/chickenOrder.jsp"},{"path":"\/community\/src\/main\/webapp\/WEB-INF\/views\/member","parentWorkspace":"C:\/workspace\/5_Server","name":"myPage-changePw.jsp","lastModified":1719985000486,"locationURI":"file:\/C:\/workspace\/5_Server\/community\/src\/main\/webapp\/WEB-INF\/views\/member\/myPage-changePw.jsp"},{"path":"\/JSPProject\/src\/main\/java\/edu\/kh\/jsp\/sql","parentWorkspace":"C:\/workspace\/5_Server","name":"driver.xml","lastModified":1719362192603,"locationURI":"file:\/C:\/workspace\/5_Server\/JSPProject\/src\/main\/java\/edu\/kh\/jsp\/sql\/driver.xml"},{"path":"\/community\/src\/main\/java\/edu\/kh\/community\/sql","parentWorkspace":"C:\/workspace\/5_Server","name":"board-sql.xml","lastModified":1720580168831,"locationURI":"file:\/C:\/workspace\/5_Server\/community\/src\/main\/java\/edu\/kh\/community\/sql\/board-sql.xml"},{"path":"\/JSPProject\/src\/main\/java\/edu\/kh\/jsp\/model\/dao","parentWorkspace":"C:\/workspace\/5_Server","name":"MemberDAO.java","lastModified":1719367823724,"locationURI":"file:\/C:\/workspace\/5_Server\/JSPProject\/src\/main\/java\/edu\/kh\/jsp\/model\/dao\/MemberDAO.java"},{"path":"\/community\/src\/main\/java\/edu\/kh\/community\/common","parentWorkspace":"C:\/workspace\/5_Server","name":"Util.java","lastModified":1720750223583,"locationURI":"file:\/C:\/workspace\/5_Server\/community\/src\/main\/java\/edu\/kh\/community\/common\/Util.java"},{"path":"\/JSPProject\/src\/main\/webapp","parentWorkspace":"C:\/workspace\/5_Server","name":"jstl_1.jsp","lastModified":1719297756223,"locationURI":"file:\/C:\/workspace\/5_Server\/JSPProject\/src\/main\/webapp\/jstl_1.jsp"},{"path":"\/JSPProject\/src\/main\/java\/edu\/kh\/jsp\/controller","parentWorkspace":"C:\/workspace\/5_Server","name":"ScopeServlet.java","lastModified":1719362520168,"locationURI":"file:\/C:\/workspace\/5_Server\/JSPProject\/src\/main\/java\/edu\/kh\/jsp\/controller\/ScopeServlet.java"},{"path":"\/community\/src\/main\/java\/edu\/kh\/community\/sql","parentWorkspace":"C:\/workspace\/5_Server","name":"member-sql.xml","lastModified":1720400887913,"locationURI":"file:\/C:\/workspace\/5_Server\/community\/src\/main\/java\/edu\/kh\/community\/sql\/member-sql.xml"},{"path":"\/community\/src\/main\/java\/edu\/kh\/community\/board\/controller","parentWorkspace":"C:\/workspace\/5_Server","name":"BoardListServlet.java","lastModified":1720579119783,"locationURI":"file:\/C:\/workspace\/5_Server\/community\/src\/main\/java\/edu\/kh\/community\/board\/controller\/BoardListServlet.java"},{"path":"\/community\/src\/main\/java\/edu\/kh\/community\/member\/controller","parentWorkspace":"C:\/workspace\/5_Server","name":"EmailDupCheckServlet.java","lastModified":1720399243546,"locationURI":"file:\/C:\/workspace\/5_Server\/community\/src\/main\/java\/edu\/kh\/community\/member\/controller\/EmailDupCheckServlet.java"},{"path":"\/community\/src\/main\/java\/edu\/kh\/community\/member\/controller","parentWorkspace":"C:\/workspace\/5_Server","name":"SignUpServlet.java","lastModified":1719891830910,"locationURI":"file:\/C:\/workspace\/5_Server\/community\/src\/main\/java\/edu\/kh\/community\/member\/controller\/SignUpServlet.java"},{"path":"\/community\/src\/main\/java\/edu\/kh\/community\/sql","parentWorkspace":"C:\/workspace\/5_Server","name":"reply-sql.xml","lastModified":1720753747632,"locationURI":"file:\/C:\/workspace\/5_Server\/community\/src\/main\/java\/edu\/kh\/community\/sql\/reply-sql.xml"},{"path":"\/JSPProject\/src\/main\/java\/edu\/kh\/jsp\/controller","parentWorkspace":"C:\/workspace\/5_Server","name":"SelectAllServlet.java","lastModified":1719367501548,"locationURI":"file:\/C:\/workspace\/5_Server\/JSPProject\/src\/main\/java\/edu\/kh\/jsp\/controller\/SelectAllServlet.java"},{"path":"\/community\/src\/main\/java\/edu\/kh\/community\/board\/controller","parentWorkspace":"C:\/workspace\/5_Server","name":"boardDetail.java","lastModified":1720750998106,"locationURI":"file:\/C:\/workspace\/5_Server\/community\/src\/main\/java\/edu\/kh\/community\/board\/controller\/boardDetail.java"},{"path":"\/community\/src\/main\/java\/edu\/kh\/community\/board\/model\/vo","parentWorkspace":"C:\/workspace\/5_Server","name":"Board.java","lastModified":1720492513972,"locationURI":"file:\/C:\/workspace\/5_Server\/community\/src\/main\/java\/edu\/kh\/community\/board\/model\/vo\/Board.java"},{"path":"\/community\/src\/main\/java\/edu\/kh\/community\/common\/filter","parentWorkspace":"C:\/workspace\/5_Server","name":"EncryptFilter.java","lastModified":1720159483449,"locationURI":"file:\/C:\/workspace\/5_Server\/community\/src\/main\/java\/edu\/kh\/community\/common\/filter\/EncryptFilter.java"},{"path":"\/community\/src\/main\/java\/edu\/kh\/community\/board\/model\/dao","parentWorkspace":"C:\/workspace\/5_Server","name":"BoardDAO.java","lastModified":1720581552348,"locationURI":"file:\/C:\/workspace\/5_Server\/community\/src\/main\/java\/edu\/kh\/community\/board\/model\/dao\/BoardDAO.java"},{"path":"\/JSPProject\/src\/main\/webapp\/WEB-INF\/views","parentWorkspace":"C:\/workspace\/5_Server","name":"orderResult.jsp","lastModified":1718948863585,"locationURI":"file:\/C:\/workspace\/5_Server\/JSPProject\/src\/main\/webapp\/WEB-INF\/views\/orderResult.jsp"},{"path":"\/JSPProject\/src\/main\/webapp\/WEB-INF\/views\/el","parentWorkspace":"C:\/workspace\/5_Server","name":"scopeResult.jsp","lastModified":1719285443447,"locationURI":"file:\/C:\/workspace\/5_Server\/JSPProject\/src\/main\/webapp\/WEB-INF\/views\/el\/scopeResult.jsp"},{"path":"\/community\/src\/main\/java\/edu\/kh\/community\/member\/controller","parentWorkspace":"C:\/workspace\/5_Server","name":"LogoutServlet.java","lastModified":1720159483449,"locationURI":"file:\/C:\/workspace\/5_Server\/community\/src\/main\/java\/edu\/kh\/community\/member\/controller\/LogoutServlet.java"},{"path":"\/community\/src\/main\/java\/edu\/kh\/community\/member\/controller","parentWorkspace":"C:\/workspace\/5_Server","name":"SelectOneServlet.java","lastModified":1720396562238,"locationURI":"file:\/C:\/workspace\/5_Server\/community\/src\/main\/java\/edu\/kh\/community\/member\/controller\/SelectOneServlet.java"},{"path":"\/community\/src\/main\/webapp\/resources\/css","parentWorkspace":"C:\/workspace\/5_Server","name":"myPage-style.css","lastModified":1719968095772,"locationURI":"file:\/C:\/workspace\/5_Server\/community\/src\/main\/webapp\/resources\/css\/myPage-style.css"},{"path":"\/community\/src\/main\/java\/edu\/kh\/community\/board\/model\/vo","parentWorkspace":"C:\/workspace\/5_Server","name":"Reply.java","lastModified":1720668061617,"locationURI":"file:\/C:\/workspace\/5_Server\/community\/src\/main\/java\/edu\/kh\/community\/board\/model\/vo\/Reply.java"},{"path":"\/JSPProject\/talent-four\/src\/main\/webapp","parentWorkspace":"C:\/workspace\/5_Server","name":"index.jsp","lastModified":1720687607920,"locationURI":"file:\/C:\/workspace\/5_Server\/JSPProject\/talent-four\/src\/main\/webapp\/index.jsp"},{"path":"\/community\/src\/main\/webapp\/WEB-INF\/views\/member","parentWorkspace":"C:\/workspace\/5_Server","name":"signUp.jsp","lastModified":1720143980058,"locationURI":"file:\/C:\/workspace\/5_Server\/community\/src\/main\/webapp\/WEB-INF\/views\/member\/signUp.jsp"},{"path":"\/community\/src\/main\/java\/edu\/kh\/community\/member\/controller","parentWorkspace":"C:\/workspace\/5_Server","name":"SelectAllServlet.java","lastModified":1720400499183,"locationURI":"file:\/C:\/workspace\/5_Server\/community\/src\/main\/java\/edu\/kh\/community\/member\/controller\/SelectAllServlet.java"},{"path":"\/community\/src\/main\/java\/edu\/kh\/community\/member\/model\/dao","parentWorkspace":"C:\/workspace\/5_Server","name":"MemberDAO.java","lastModified":1720403144896,"locationURI":"file:\/C:\/workspace\/5_Server\/community\/src\/main\/java\/edu\/kh\/community\/member\/model\/dao\/MemberDAO.java"},{"path":"\/community\/src\/main\/java\/edu\/kh\/community\/member\/controller","parentWorkspace":"C:\/workspace\/5_Server","name":"MyPageInfoServlet.java","lastModified":1720572516986,"locationURI":"file:\/C:\/workspace\/5_Server\/community\/src\/main\/java\/edu\/kh\/community\/member\/controller\/MyPageInfoServlet.java"},{"path":"\/JSPProject\/src\/main\/webapp\/WEB-INF\/views","parentWorkspace":"C:\/workspace\/5_Server","name":"selectAll.jsp","lastModified":1719367372720,"locationURI":"file:\/C:\/workspace\/5_Server\/JSPProject\/src\/main\/webapp\/WEB-INF\/views\/selectAll.jsp"},{"path":"\/community\/src\/main\/java\/edu\/kh\/community\/common\/filter","parentWorkspace":"C:\/workspace\/5_Server","name":"EncodingFilter.java","lastModified":1720572516986,"locationURI":"file:\/C:\/workspace\/5_Server\/community\/src\/main\/java\/edu\/kh\/community\/common\/filter\/EncodingFilter.java"},{"path":"\/JSPProject\/src\/main\/java\/edu\/kh\/jsp\/model\/vo","parentWorkspace":"C:\/workspace\/5_Server","name":"Person.java","lastModified":1719277988154,"locationURI":"file:\/C:\/workspace\/5_Server\/JSPProject\/src\/main\/java\/edu\/kh\/jsp\/model\/vo\/Person.java"},{"path":"\/JSPProject\/src\/main\/webapp\/WEB-INF\/views\/el","parentWorkspace":"C:\/workspace\/5_Server","name":"result.jsp","lastModified":1719284980744,"locationURI":"file:\/C:\/workspace\/5_Server\/JSPProject\/src\/main\/webapp\/WEB-INF\/views\/el\/result.jsp"},{"path":"\/community\/src\/main\/webapp\/WEB-INF\/views\/board","parentWorkspace":"C:\/workspace\/5_Server","name":"boardDetail.jsp","lastModified":1720591836586,"locationURI":"file:\/C:\/workspace\/5_Server\/community\/src\/main\/webapp\/WEB-INF\/views\/board\/boardDetail.jsp"},{"path":"\/community\/src\/main\/java\/edu\/kh\/community\/board\/model\/service","parentWorkspace":"C:\/workspace\/5_Server","name":"ReplyService.java","lastModified":1720753567008,"locationURI":"file:\/C:\/workspace\/5_Server\/community\/src\/main\/java\/edu\/kh\/community\/board\/model\/service\/ReplyService.java"},{"path":"\/JSPProject\/src\/main\/webapp\/WEB-INF\/views","parentWorkspace":"C:\/workspace\/5_Server","name":"loginResult.jsp","lastModified":1718934510701,"locationURI":"file:\/C:\/workspace\/5_Server\/JSPProject\/src\/main\/webapp\/WEB-INF\/views\/loginResult.jsp"},{"path":"\/community\/src\/main\/webapp\/WEB-INF\/views\/common","parentWorkspace":"C:\/workspace\/5_Server","name":"footer.jsp","lastModified":1719880033536,"locationURI":"file:\/C:\/workspace\/5_Server\/community\/src\/main\/webapp\/WEB-INF\/views\/common\/footer.jsp"},{"path":"\/community\/src\/main\/java\/edu\/kh\/community\/member\/controller","parentWorkspace":"C:\/workspace\/5_Server","name":"MyPageChangePwServlet.java","lastModified":1720572516986,"locationURI":"file:\/C:\/workspace\/5_Server\/community\/src\/main\/java\/edu\/kh\/community\/member\/controller\/MyPageChangePwServlet.java"},{"path":"\/JSPProject\/src\/main\/webapp","parentWorkspace":"C:\/workspace\/5_Server","name":"forResult.jsp","lastModified":1719299132151,"locationURI":"file:\/C:\/workspace\/5_Server\/JSPProject\/src\/main\/webapp\/forResult.jsp"},{"path":"\/community\/src\/main\/webapp","parentWorkspace":"C:\/workspace\/5_Server","name":"index.jsp","lastModified":1720572518891,"locationURI":"file:\/C:\/workspace\/5_Server\/community\/src\/main\/webapp\/index.jsp"},{"path":"\/community\/src\/main\/java\/edu\/kh\/community\/sql","parentWorkspace":"C:\/workspace\/5_Server","name":"CreateXML.java","lastModified":1719450427832,"locationURI":"file:\/C:\/workspace\/5_Server\/community\/src\/main\/java\/edu\/kh\/community\/sql\/CreateXML.java"},{"path":"\/community\/src\/main\/java\/edu\/kh\/community\/board\/controller","parentWorkspace":"C:\/workspace\/5_Server","name":"ReplyController.java","lastModified":1720751190013,"locationURI":"file:\/C:\/workspace\/5_Server\/community\/src\/main\/java\/edu\/kh\/community\/board\/controller\/ReplyController.java"},{"path":"\/ServletProject1\/src\/main\/webapp\/WEB-INF","parentWorkspace":"C:\/workspace\/5_Server","name":"web.xml","lastModified":1718929143569,"locationURI":"file:\/C:\/workspace\/5_Server\/ServletProject1\/src\/main\/webapp\/WEB-INF\/web.xml"},{"path":"\/community\/src\/main\/java\/edu\/kh\/community\/board\/model\/service","parentWorkspace":"C:\/workspace\/5_Server","name":"BoardService.java","lastModified":1720581859273,"locationURI":"file:\/C:\/workspace\/5_Server\/community\/src\/main\/java\/edu\/kh\/community\/board\/model\/service\/BoardService.java"},{"path":"\/JSPProject\/src\/main\/java\/edu\/kh\/jsp\/common","parentWorkspace":"C:\/workspace\/5_Server","name":"JDBCTemplate.java","lastModified":1719362398704,"locationURI":"file:\/C:\/workspace\/5_Server\/JSPProject\/src\/main\/java\/edu\/kh\/jsp\/common\/JDBCTemplate.java"},{"path":"\/community\/src\/main\/java\/edu\/kh\/community\/member\/controller","parentWorkspace":"C:\/workspace\/5_Server","name":"LoginServlet.java","lastModified":1720399243547,"locationURI":"file:\/C:\/workspace\/5_Server\/community\/src\/main\/java\/edu\/kh\/community\/member\/controller\/LoginServlet.java"},{"path":"\/community\/src\/main\/java\/edu\/kh\/community\/board\/model\/dao","parentWorkspace":"C:\/workspace\/5_Server","name":"ReplyDAO.java","lastModified":1720753586410,"locationURI":"file:\/C:\/workspace\/5_Server\/community\/src\/main\/java\/edu\/kh\/community\/board\/model\/dao\/ReplyDAO.java"},{"path":"\/JSPProject\/talent-four\/src\/main\/java\/talentFour","parentWorkspace":"C:\/workspace\/5_Server","name":"Test.java","lastModified":1720687513402,"locationURI":"file:\/C:\/workspace\/5_Server\/JSPProject\/talent-four\/src\/main\/java\/talentFour\/Test.java"},{"path":"\/community\/src\/main\/java\/edu\/kh\/community\/board\/model\/vo","parentWorkspace":"C:\/workspace\/5_Server","name":"BoardImage.java","lastModified":1720579600987,"locationURI":"file:\/C:\/workspace\/5_Server\/community\/src\/main\/java\/edu\/kh\/community\/board\/model\/vo\/BoardImage.java"},{"path":"\/community\/src\/main\/webapp\/resources\/css","parentWorkspace":"C:\/workspace\/5_Server","name":"main-style.css","lastModified":1719967900834,"locationURI":"file:\/C:\/workspace\/5_Server\/community\/src\/main\/webapp\/resources\/css\/main-style.css"},{"path":"\/community\/src\/main\/webapp\/WEB-INF\/views\/member","parentWorkspace":"C:\/workspace\/5_Server","name":"sideMenu.jsp","lastModified":1719966689504,"locationURI":"file:\/C:\/workspace\/5_Server\/community\/src\/main\/webapp\/WEB-INF\/views\/member\/sideMenu.jsp"},{"path":"\/Servers\/semiproject-config","parentWorkspace":"C:\/workspace\/5_Server","name":"context.xml","lastModified":1720684354889,"locationURI":"file:\/C:\/workspace\/5_Server\/Servers\/semiproject-config\/context.xml"},{"path":"\/Servers\/semiproject-config","parentWorkspace":"C:\/workspace\/5_Server","name":"server.xml","lastModified":1720747157267,"locationURI":"file:\/C:\/workspace\/5_Server\/Servers\/semiproject-config\/server.xml"}]}