<?xml version="1.0" encoding="UTF-8"?>
<!DOCTYPE properties SYSTEM "http://java.sun.com/dtd/properties.dtd">
<properties>
<comment>member-sql.xml</comment>

	<entry key="login">
		SELECT MEMBER_NO, MEMBER_EMAIL, MEMBER_NM, MEMBER_PW, MEMBER_ST, MEMBER_PROFILE FROM MEMBER WHERE MEMBER_EMAIL=? AND MEMBER_PW=? AND SECESSION_FL='N'
	</entry>
	
	<entry key="checkId">
		SELECT COUNT(MEMBER_NM) FROM MEMBER WHERE MEMBER_NM = ?
	</entry>
	
	<entry key="updateId">
		UPDATE MEMBER SET MEMBER_NM=? WHERE MEMBER_NM=?
	</entry>

</properties>
