<?xml version="1.0" encoding="UTF-8"?>
<!DOCTYPE properties SYSTEM "http://java.sun.com/dtd/properties.dtd">
<properties>
<comment>tutor-sql.xml</comment>

	<entry key="selectClassesList">
		SELECT CLASS_PHOTO, CLASS_NAME, CLASS_STATUS, TO_CHAR(CLASS_CREATE_DT,'YYYY.MM.DD')
		FROM CLASS
		WHERE CLASS_STATUS = ?
	</entry>
 
	<entry key="classcount">
		SELECT COUNT(*) FROM CLASS WHERE CLASS_STATUS = ?
	</entry>
  
	<entry key="selectClassSellList">
		SELECT TO_CHAR(START_DATE,'YYYY.MM.DD'), MEMBER_NM, BOARD_TITLE, PAYMENT_STATUS
		FROM BOARD
		JOIN MEMBER USING(MEMBER_NO)
		JOIN PAID USING(MEMBER_NO)
	</entry>

	<entry key="selectCalculateList">
		SELECT SETTLE_STATUS, MEMBER_NM, BOARD_TITLE, CLASS_PRICE, COMMISSION, SETTLE_DATE
		FROM SETTLE
		JOIN MEMBER USING(MEMBER_NO)
		JOIN BOARD USING(MEMBER_NO)
		JOIN CLASS USING(MEMBER_NO)
		WHERE SETTLE_STATUS = ?
		AND MEMBER_NO = 2
	</entry>


</properties>
