<?xml version="1.0" encoding="UTF-8" standalone="no"?>
<servers>
  <server auto-publish-setting="2" auto-publish-time="1" configuration-id="/Servers/Servlet Server-config" deployDir="wtpwebapps" hostname="localhost" id="Servlet Server" name="Servlet Server" runtime-id="Apache Tomcat v9.0" server-type="org.eclipse.jst.server.tomcat.90" server-type-id="org.eclipse.jst.server.tomcat.90" start-timeout="45" stop-timeout="15" testEnvironment="true" timestamp="1">
    <list key="modules" value0="ServletProject1::org.eclipse.jst.jee.server:ServletProject1::jst.web::4.0"/>
  </server>
  <server auto-publish-setting="2" auto-publish-time="1" configuration-id="/Servers/JSP Server-config" deployDir="wtpwebapps" hostname="localhost" id="JSP Server" name="JSP Server" runtime-id="Apache Tomcat v9.0" serveModulesWithoutPublish="true" server-type="org.eclipse.jst.server.tomcat.90" server-type-id="org.eclipse.jst.server.tomcat.90" start-timeout="45" stop-timeout="15" testEnvironment="true" timestamp="3">
    <list key="modules" value0="JSPProject::org.eclipse.jst.jee.server:JSPProject::jst.web::4.0"/>
  </server>
  <server auto-publish-setting="2" auto-publish-time="1" configuration-id="/Servers/community server-config" deployDir="wtpwebapps" hostname="localhost" id="community server" name="community server" runtime-id="Apache Tomcat v9.0" serveModulesWithoutPublish="true" server-type="org.eclipse.jst.server.tomcat.90" server-type-id="org.eclipse.jst.server.tomcat.90" start-timeout="45" stop-timeout="15" testEnvironment="true" timestamp="2">
    <list key="modules" value0="community::org.eclipse.jst.jee.server:community::jst.web::4.0"/>
  </server>
</servers>
