<?xml version="1.0" encoding="UTF-8"?>
<section name="Workbench">
	<section name="org.eclipse.jdt.internal.ui.packageview.PackageExplorerPart">
		<item key="group_libraries" value="true"/>
		<item key="layout" value="2"/>
		<item key="rootMode" value="1"/>
		<item key="linkWithEditor" value="false"/>
		<item key="memento" value="&lt;?xml version=&quot;1.0&quot; encoding=&quot;UTF-8&quot;?&gt;&#x0D;&#x0A;&lt;packageExplorer group_libraries=&quot;1&quot; layout=&quot;2&quot; linkWithEditor=&quot;0&quot; rootMode=&quot;1&quot; workingSetName=&quot;Aggregate for window 1718845746992&quot;&gt;&#x0D;&#x0A;&lt;customFilters userDefinedPatternsEnabled=&quot;false&quot;&gt;&#x0D;&#x0A;&lt;xmlDefinedFilters&gt;&#x0D;&#x0A;&lt;child filterId=&quot;org.eclipse.jdt.ui.PackageExplorer.StaticsFilter&quot; isEnabled=&quot;false&quot;/&gt;&#x0D;&#x0A;&lt;child filterId=&quot;org.eclipse.buildship.ui.packageexplorer.filter.gradle.buildfolder&quot; isEnabled=&quot;true&quot;/&gt;&#x0D;&#x0A;&lt;child filterId=&quot;org.eclipse.jdt.ui.PackageExplorer.NonSharedProjectsFilter&quot; isEnabled=&quot;false&quot;/&gt;&#x0D;&#x0A;&lt;child filterId=&quot;org.eclipse.jdt.internal.ui.PackageExplorer.EmptyInnerPackageFilter&quot; isEnabled=&quot;true&quot;/&gt;&#x0D;&#x0A;&lt;child filterId=&quot;org.eclipse.m2e.MavenModuleFilter&quot; isEnabled=&quot;false&quot;/&gt;&#x0D;&#x0A;&lt;child filterId=&quot;org.eclipse.buildship.ui.packageexplorer.filter.gradle.subProject&quot; isEnabled=&quot;true&quot;/&gt;&#x0D;&#x0A;&lt;child filterId=&quot;org.eclipse.jdt.ui.PackageExplorer.ClosedProjectsFilter&quot; isEnabled=&quot;false&quot;/&gt;&#x0D;&#x0A;&lt;child filterId=&quot;org.eclipse.jdt.ui.PackageExplorer.EmptyLibraryContainerFilter&quot; isEnabled=&quot;true&quot;/&gt;&#x0D;&#x0A;&lt;child filterId=&quot;org.eclipse.jdt.ui.PackageExplorer.PackageDeclarationFilter&quot; isEnabled=&quot;true&quot;/&gt;&#x0D;&#x0A;&lt;child filterId=&quot;org.eclipse.pde.ui.BinaryProjectFilter1&quot; isEnabled=&quot;false&quot;/&gt;&#x0D;&#x0A;&lt;child filterId=&quot;org.eclipse.jdt.ui.PackageExplorer.LocalTypesFilter&quot; isEnabled=&quot;false&quot;/&gt;&#x0D;&#x0A;&lt;child filterId=&quot;org.eclipse.pde.ui.ExternalPluginLibrariesFilter1&quot; isEnabled=&quot;true&quot;/&gt;&#x0D;&#x0A;&lt;child filterId=&quot;org.eclipse.jdt.ui.PackageExplorer.FieldsFilter&quot; isEnabled=&quot;false&quot;/&gt;&#x0D;&#x0A;&lt;child filterId=&quot;org.eclipse.jdt.ui.PackageExplorer.NonJavaProjectsFilter&quot; isEnabled=&quot;false&quot;/&gt;&#x0D;&#x0A;&lt;child filterId=&quot;org.eclipse.jdt.ui.PackageExplorer_patternFilterId_.*&quot; isEnabled=&quot;true&quot;/&gt;&#x0D;&#x0A;&lt;child filterId=&quot;org.eclipse.jdt.ui.PackageExplorer.SyntheticMembersFilter&quot; isEnabled=&quot;true&quot;/&gt;&#x0D;&#x0A;&lt;child filterId=&quot;org.eclipse.jdt.ui.PackageExplorer.ContainedLibraryFilter&quot; isEnabled=&quot;false&quot;/&gt;&#x0D;&#x0A;&lt;child filterId=&quot;org.eclipse.jdt.internal.ui.PackageExplorer.HideInnerClassFilesFilter&quot; isEnabled=&quot;true&quot;/&gt;&#x0D;&#x0A;&lt;child filterId=&quot;org.eclipse.jdt.ui.PackageExplorer.DeprecatedMembersFilter&quot; isEnabled=&quot;false&quot;/&gt;&#x0D;&#x0A;&lt;child filterId=&quot;org.eclipse.jdt.ui.PackageExplorer.ImportDeclarationFilter&quot; isEnabled=&quot;true&quot;/&gt;&#x0D;&#x0A;&lt;child filterId=&quot;org.eclipse.jdt.ui.PackageExplorer.NonJavaElementFilter&quot; isEnabled=&quot;false&quot;/&gt;&#x0D;&#x0A;&lt;child filterId=&quot;org.eclipse.jdt.ui.PackageExplorer.LibraryFilter&quot; isEnabled=&quot;false&quot;/&gt;&#x0D;&#x0A;&lt;child filterId=&quot;org.eclipse.jdt.ui.PackageExplorer.CuAndClassFileFilter&quot; isEnabled=&quot;false&quot;/&gt;&#x0D;&#x0A;&lt;child filterId=&quot;org.eclipse.jdt.internal.ui.PackageExplorer.EmptyPackageFilter&quot; isEnabled=&quot;false&quot;/&gt;&#x0D;&#x0A;&lt;child filterId=&quot;org.eclipse.jdt.ui.PackageExplorer.NonPublicFilter&quot; isEnabled=&quot;false&quot;/&gt;&#x0D;&#x0A;&lt;/xmlDefinedFilters&gt;&#x0D;&#x0A;&lt;/customFilters&gt;&#x0D;&#x0A;&lt;/packageExplorer&gt;"/>
	</section>
	<section name="JavaElementSearchActions">
	</section>
	<section name="OptionalMessageDialog.hide.">
		<item key="org.eclipse.jdt.ui.typecomment.deprecated" value="true"/>
	</section>
	<section name="NewClassWizardPage">
		<item key="create_constructor" value="false"/>
		<item key="create_unimplemented" value="true"/>
	</section>
	<section name="completion_proposal_size">
	</section>
	<section name="quick_assist_proposal_size">
	</section>
	<section name="org.eclipse.jdt.internal.ui.dialogs.OpenTypeSelectionDialog2">
		<item key="ShowStatusLine" value="true"/>
		<item key="History" value="&lt;?xml version=&quot;1.0&quot; encoding=&quot;UTF-8&quot;?&gt;&#x0D;&#x0A;&lt;History/&gt;"/>
		<item key="WorkingSet" value="&lt;?xml version=&quot;1.0&quot; encoding=&quot;UTF-8&quot;?&gt;&#x0D;&#x0A;&lt;workingSet workingSetName=&quot;&quot;/&gt;"/>
		<section name="DialogBoundsSettings">
			<item key="DIALOG_HEIGHT" value="500"/>
			<item key="DIALOG_WIDTH" value="600"/>
			<item key="DIALOG_X_ORIGIN" value="228"/>
			<item key="DIALOG_Y_ORIGIN" value="195"/>
			<item key="DIALOG_FONT_NAME" value="1|맑은 고딕|9.0|0|WINDOWS|1|-12|0|0|0|400|0|0|0|1|0|0|0|0|맑은 고딕"/>
		</section>
	</section>
</section>
