<?xml version="1.0" encoding="UTF-8" standalone="no"?>
<qualifiedTypeNameHistroy>
    <fullyQualifiedTypeName name="org.apache.catalina.connector.Response"/>
    <fullyQualifiedTypeName name="java.io.PrintWriter"/>
    <fullyQualifiedTypeName name="edu.kh.jsp.model.vo.Person"/>
    <fullyQualifiedTypeName name="javax.servlet.ServletContext"/>
    <fullyQualifiedTypeName name="javax.naming.Context"/>
    <fullyQualifiedTypeName name="javax.naming.InitialContext"/>
    <fullyQualifiedTypeName name="javax.sql.DataSource"/>
    <fullyQualifiedTypeName name="lombok.Getter"/>
    <fullyQualifiedTypeName name="lombok.Setter"/>
    <fullyQualifiedTypeName name="lombok.ToString"/>
    <fullyQualifiedTypeName name="lombok.NoArgsConstructor"/>
    <fullyQualifiedTypeName name="lombok.AllArgsConstructor"/>
    <fullyQualifiedTypeName name="java.sql.Connection"/>
    <fullyQualifiedTypeName name="edu.kh.community.member.model.dao.MemberDAO"/>
    <fullyQualifiedTypeName name="java.sql.Statement"/>
    <fullyQualifiedTypeName name="java.sql.PreparedStatement"/>
    <fullyQualifiedTypeName name="java.sql.ResultSet"/>
    <fullyQualifiedTypeName name="java.io.FileInputStream"/>
    <fullyQualifiedTypeName name="java.util.Scanner"/>
    <fullyQualifiedTypeName name="java.util.Properties"/>
    <fullyQualifiedTypeName name="java.io.FileOutputStream"/>
    <fullyQualifiedTypeName name="javax.servlet.http.Cookie"/>
    <fullyQualifiedTypeName name="javax.servlet.annotation.WebServlet"/>
    <fullyQualifiedTypeName name="javax.servlet.http.HttpServlet"/>
    <fullyQualifiedTypeName name="javax.servlet.RequestDispatcher"/>
    <fullyQualifiedTypeName name="java.util.Arrays"/>
    <fullyQualifiedTypeName name="edu.kh.community.member.model.vo.Member"/>
    <fullyQualifiedTypeName name="edu.kh.community.member.model.service.MemberService"/>
    <fullyQualifiedTypeName name="javax.servlet.http.HttpSession"/>
    <fullyQualifiedTypeName name="javax.servlet.http.HttpServletRequest"/>
    <fullyQualifiedTypeName name="javax.servlet.http.HttpServletRequestWrapper"/>
    <fullyQualifiedTypeName name="edu.kh.community.common.wrapper.EncryptWrapper"/>
    <fullyQualifiedTypeName name="java.security.MessageDigest"/>
    <fullyQualifiedTypeName name="java.security.NoSuchAlgorithmException"/>
    <fullyQualifiedTypeName name="java.nio.charset.Charset"/>
    <fullyQualifiedTypeName name="java.util.Base64"/>
</qualifiedTypeNameHistroy>
