<?xml version="1.0" encoding="UTF-8"?>
<!DOCTYPE properties SYSTEM "http://java.sun.com/dtd/properties.dtd">
<properties>
	<comment>Member Service SQL</comment>
	<!-- 회원 가입 -->
	<entry key="signUp">
		INSERT INTO MEMBER
		VALUES(SEQ_MEMBER_NO.NEXTVAL, ?, ?,
		?, ?, DEFAULT, DEFAULT)
	</entry>
	<!-- 로그인 -->
	<entry key="login">
		SELECT
		MEMBER_NO,MEMBER_ID,MEMBER_NM,MEMBER_GENDER,ENROLL_DATE FROM MEMBER
		WHERE MEMBER_ID=? AND MEMBER_PW=? AND SECESSION_FL='N'
	</entry>

	<entry key="selectAll">
		SELECT * FROM MEMBER WHERE SECESSION_FL = 'N' ORDER BY
		'MEMBER_ID'
	</entry>
	<!-- 내 정보 수정 -->
	<entry key="updateMyInfo">
		UPDATE MEMBER SET MEMBER_NM = ?, MEMBER_GENDER = ?
		WHERE MEMBER_NO = ?
	</entry>
	<!-- 비밀번호 수정 -->
	<entry key="updatePw">
		UPDATE MEMBER SET MEMBER_PW =? WHERE MEMBER_PW=? AND
		MEMBER_NO = ?
	</entry>
	<entry key="secession">
		UPDATE MEMBER SET SECESSION_FL ='Y' WHERE
		SECESSION_FL='N' AND MEMBER_NO=? AND MEMBER_PW=?
	</entry>




</properties>
